seed,recovery_step,framework,E_GMI,pre_shock_E_GMI
6000,0,DBL,0.14102852904456825,0.14214852904456826
6000,0,DMM,0.12109550596022708,0.12221550596022712
6000,0,ISF,0.15212134484970055,0.15324134484970053
6000,1,DBL,0.1413427560563328,0.14214852904456826
6000,1,DMM,0.12142131473418068,0.12221550596022712
6000,1,ISF,0.15246154114899146,0.15324134484970053
6000,2,DBL,0.14131946952786215,0.14214852904456826
6000,2,DMM,0.12130080613265522,0.12221550596022712
6000,2,ISF,0.1523922175222966,0.15324134484970053
6000,3,DBL,0.14111922072996086,0.14214852904456826
6000,3,DMM,0.12108078130316023,0.12221550596022712
6000,3,ISF,0.1522070083681356,0.15324134484970053
6000,4,DBL,0.14143956190801757,0.14214852904456826
6000,4,DMM,0.12142327497025515,0.12221550596022712
6000,4,ISF,0.15251360339705786,0.15324134484970053
6000,5,DBL,0.14153432682519107,0.14214852904456826
6000,5,DMM,0.12156554721415053,0.12221550596022712
6000,5,ISF,0.15265021356718692,0.15324134484970053
6000,6,DBL,0.1414990052588626,0.14214852904456826
6000,6,DMM,0.12152135906504118,0.12221550596022712
6000,6,ISF,0.15261878074380772,0.15324134484970053
6000,7,DBL,0.1414564541238607,0.14214852904456826
6000,7,DMM,0.12145080187891401,0.12221550596022712
6000,7,ISF,0.1525815525768961,0.15324134484970053
6000,8,DBL,0.14151983208936314,0.14214852904456826
6000,8,DMM,0.1215947060072903,0.12221550596022712
6000,8,ISF,0.15268714053942148,0.15324134484970053
6000,9,DBL,0.14159339049555547,0.14214852904456826
6000,9,DMM,0.12171074645309911,0.12221550596022712
6000,9,ISF,0.15279016874269633,0.15324134484970053
6000,10,DBL,0.14161132728887846,0.14214852904456826
6000,10,DMM,0.12175666900135639,0.12221550596022712
6000,10,ISF,0.1528027481973438,0.15324134484970053
6001,0,DBL,0.14348211850246512,0.14480211850246513
6001,0,DMM,0.12334530153027216,0.12466530153027218
6001,0,ISF,0.15406342814585008,0.1553834281458501
6001,1,DBL,0.1435089493583816,0.14480211850246513
6001,1,DMM,0.1233843737942217,0.12466530153027218
6001,1,ISF,0.15414666125654744,0.1553834281458501
6001,2,DBL,0.14367268381564435,0.14480211850246513
6001,2,DMM,0.12352786251659909,0.12466530153027218
6001,2,ISF,0.154309986065566,0.1553834281458501
6001,3,DBL,0.1436310852696666,0.14480211850246513
6001,3,DMM,0.12348974051889618,0.12466530153027218
6001,3,ISF,0.15428084834507977,0.1553834281458501
6001,4,DBL,0.14362120669460834,0.14480211850246513
6001,4,DMM,0.12344660336114735,0.12466530153027218
6001,4,ISF,0.15426220537900323,0.1553834281458501
6001,5,DBL,0.14389657969105127,0.14480211850246513
6001,5,DMM,0.12371684014655349,0.12466530153027218
6001,5,ISF,0.15452635127224826,0.1553834281458501
6001,6,DBL,0.1438508872275653,0.14480211850246513
6001,6,DMM,0.12365670979625153,0.12466530153027218
6001,6,ISF,0.15448326224762834,0.1553834281458501
6001,7,DBL,0.14372689161334906,0.14480211850246513
6001,7,DMM,0.12351775045295556,0.12466530153027218
6001,7,ISF,0.1543543270035009,0.1553834281458501
6001,8,DBL,0.1439462959114172,0.14480211850246513
6001,8,DMM,0.12372009829652553,0.12466530153027218
6001,8,ISF,0.15453597046425593,0.1553834281458501
6001,9,DBL,0.14403472612352394,0.14480211850246513
6001,9,DMM,0.12382127038322413,0.12466530153027218
6001,9,ISF,0.15463363705579591,0.1553834281458501
6001,10,DBL,0.14428908873138854,0.14480211850246513
6001,10,DMM,0.12406076582818873,0.12466530153027218
6001,10,ISF,0.15486455431550508,0.1553834281458501
6002,0,DBL,0.1413868295376982,0.14281882953769823
6002,0,DMM,0.12130943694746853,0.1227414369474685
6002,0,ISF,0.15232717484231753,0.15375917484231755
6002,1,DBL,0.1417956986568756,0.14281882953769823
6002,1,DMM,0.12175203868059807,0.1227414369474685
6002,1,ISF,0.15276426499231516,0.15375917484231755
6002,2,DBL,0.14233116739366947,0.14281882953769823
6002,2,DMM,0.12231261197906505,0.1227414369474685
6002,2,ISF,0.15328024133931284,0.15375917484231755
6002,3,DBL,0.14227522175572743,0.14281882953769823
6002,3,DMM,0.12220966381156265,0.1227414369474685
6002,3,ISF,0.1532219581593705,0.15375917484231755
6002,4,DBL,0.14234097003054422,0.14281882953769823
6002,4,DMM,0.12228003260741035,0.1227414369474685
6002,4,ISF,0.1533047406430271,0.15375917484231755
6002,5,DBL,0.14236424733986472,0.14281882953769823
6002,5,DMM,0.12235605322734104,0.1227414369474685
6002,5,ISF,0.1533519234770105,0.15375917484231755
6002,6,DBL,0.14266408406524153,0.14281882953769823
6002,6,DMM,0.12268361169626706,0.1227414369474685
6002,6,ISF,0.15364196311514228,0.15375917484231755
6002,7,DBL,0.1425277420561108,0.14281882953769823
6002,7,DMM,0.12250551739581457,0.1227414369474685
6002,7,ISF,0.15348403396051144,0.15375917484231755
6002,8,DBL,0.1425399178871627,0.14281882953769823
6002,8,DMM,0.1224426557813711,0.1227414369474685
6002,8,ISF,0.1534551473889732,0.15375917484231755
6002,9,DBL,0.1425218988330174,0.14281882953769823
6002,9,DMM,0.12247233326662496,0.1227414369474685
6002,9,ISF,0.15348995590693057,0.15375917484231755
6002,10,DBL,0.14261164715995506,0.14281882953769823
6002,10,DMM,0.12259223680217377,0.1227414369474685
6002,10,ISF,0.15359129625452878,0.15375917484231755
6003,0,DBL,0.14114849460119758,0.14226849460119756
6003,0,DMM,0.12106649160702339,0.12218649160702341
6003,0,ISF,0.1521095900528718,0.15322959005287182
6003,1,DBL,0.1416554897246317,0.14226849460119756
6003,1,DMM,0.12159618321281072,0.12218649160702341
6003,1,ISF,0.15263041263823277,0.15322959005287182
6003,2,DBL,0.14172356594559718,0.14226849460119756
6003,2,DMM,0.12163124378648231,0.12218649160702341
6003,2,ISF,0.1526954627718865,0.15322959005287182
6003,3,DBL,0.14205295846991348,0.14226849460119756
6003,3,DMM,0.12198803541089659,0.12218649160702341
6003,3,ISF,0.15301852045471392,0.15322959005287182
6003,4,DBL,0.1418387948925287,0.14226849460119756
6003,4,DMM,0.12175140460185074,0.12218649160702341
6003,4,ISF,0.15279891148307498,0.15322959005287182
6003,5,DBL,0.14182001158669164,0.14226849460119756
6003,5,DMM,0.12179504200898586,0.12218649160702341
6003,5,ISF,0.15283216269086877,0.15322959005287182
6003,6,DBL,0.14190764294697128,0.14226849460119756
6003,6,DMM,0.12186521986797827,0.12218649160702341
6003,6,ISF,0.15290270487450677,0.15322959005287182
6003,7,DBL,0.14213605468004537,0.14226849460119756
6003,7,DMM,0.1220997105697908,0.12218649160702341
6003,7,ISF,0.15310924821447194,0.15322959005287182
6003,8,DBL,0.14233032317845795,0.14226849460119756
6003,8,DMM,0.12230098945756712,0.12218649160702341
6003,8,ISF,0.15331520068763782,0.15322959005287182
6003,9,DBL,0.14225809730690225,0.14226849460119756
6003,9,DMM,0.1222331055675879,0.12218649160702341
6003,9,ISF,0.15326487811134037,0.15322959005287182
6003,10,DBL,0.14233713703720408,0.14226849460119756
6003,10,DMM,0.1223329464759016,0.12218649160702341
6003,10,ISF,0.15335058646444025,0.15322959005287182
6004,0,DBL,0.1414353824386081,0.14301730155973144
6004,0,DMM,0.12148352899677166,0.12306544811789501
6004,0,ISF,0.15248362476558394,0.15406554388670726
6004,1,DBL,0.14165454779455686,0.14301730155973144
6004,1,DMM,0.12170178734715446,0.12306544811789501
6004,1,ISF,0.15271727848432204,0.15406554388670726
6004,2,DBL,0.14172777184338664,0.14301730155973144
6004,2,DMM,0.12174231813052963,0.12306544811789501
6004,2,ISF,0.15278134712868538,0.15406554388670726
6004,3,DBL,0.1419490564112399,0.14301730155973144
6004,3,DMM,0.12196079629823726,0.12306544811789501
6004,3,ISF,0.15299795440016148,0.15406554388670726
6004,4,DBL,0.14204307428773602,0.14301730155973144
6004,4,DMM,0.12206657410259077,0.12306544811789501
6004,4,ISF,0.15310890552620804,0.15406554388670726
6004,5,DBL,0.14201769880670226,0.14301730155973144
6004,5,DMM,0.12201196795085723,0.12306544811789501
6004,5,ISF,0.15307614562973368,0.15406554388670726
6004,6,DBL,0.14207416083528915,0.14301730155973144
6004,6,DMM,0.12213605792215834,0.12306544811789501
6004,6,ISF,0.1531733209311888,0.15406554388670726
6004,7,DBL,0.14194440504143402,0.14301730155973144
6004,7,DMM,0.1220298207625193,0.12306544811789501
6004,7,ISF,0.15309076289533816,0.15406554388670726
6004,8,DBL,0.1420812502329148,0.14301730155973144
6004,8,DMM,0.12217457836930529,0.12306544811789501
6004,8,ISF,0.15321812881261898,0.15406554388670726
6004,9,DBL,0.14204891565317262,0.14301730155973144
6004,9,DMM,0.12214648054064932,0.12306544811789501
6004,9,ISF,0.1531768555176395,0.15406554388670726
6004,10,DBL,0.14180410613507077,0.14301730155973144
6004,10,DMM,0.12191786643420657,0.12306544811789501
6004,10,ISF,0.152979038384596,0.15406554388670726
6005,0,DBL,0.14698124301883497,0.14843876013180327
6005,0,DMM,0.1262659297311781,0.12772344684414644
6005,0,ISF,0.15660837673135208,0.15806589384432043
6005,1,DBL,0.1474297840153053,0.14843876013180327
6005,1,DMM,0.12679150388617683,0.12772344684414644
6005,1,ISF,0.15711063967332356,0.15806589384432043
6005,2,DBL,0.14772742719184626,0.14843876013180327
6005,2,DMM,0.12708285095807556,0.12772344684414644
6005,2,ISF,0.15738578935645556,0.15806589384432043
6005,3,DBL,0.14779281754319007,0.14843876013180327
6005,3,DMM,0.1271080922716605,0.12772344684414644
6005,3,ISF,0.15742826465890947,0.15806589384432043
6005,4,DBL,0.14789924808750704,0.14843876013180327
6005,4,DMM,0.12722434715897374,0.12772344684414644
6005,4,ISF,0.15753640245531422,0.15806589384432043
6005,5,DBL,0.1479525474616265,0.14843876013180327
6005,5,DMM,0.127243643347796,0.12772344684414644
6005,5,ISF,0.15757036320075718,0.15806589384432043
6005,6,DBL,0.14813514669638853,0.14843876013180327
6005,6,DMM,0.12741260757357165,0.12772344684414644
6005,6,ISF,0.1577289041004243,0.15806589384432043
6005,7,DBL,0.1481758849464553,0.14843876013180327
6005,7,DMM,0.12748382331483177,0.12772344684414644
6005,7,ISF,0.15779643818209813,0.15806589384432043
6005,8,DBL,0.14809480443152073,0.14843876013180327
6005,8,DMM,0.12740806754126668,0.12772344684414644
6005,8,ISF,0.15774556558213848,0.15806589384432043
6005,9,DBL,0.14799631752688486,0.14843876013180327
6005,9,DMM,0.12730206848317288,0.12772344684414644
6005,9,ISF,0.15766255843417798,0.15806589384432043
6005,10,DBL,0.1477090673603417,0.14843876013180327
6005,10,DMM,0.126939857006241,0.12772344684414644
6005,10,ISF,0.15735703942917673,0.15806589384432043
6006,0,DBL,0.14223300766242683,0.1432090076624268
6006,0,DMM,0.12205391447200103,0.12302991447200101
6006,0,ISF,0.1529718820735074,0.15394788207350743
6006,1,DBL,0.1423031398232554,0.1432090076624268
6006,1,DMM,0.12212530866945871,0.12302991447200101
6006,1,ISF,0.15309478455079464,0.15394788207350743
6006,2,DBL,0.1426431793408674,0.1432090076624268
6006,2,DMM,0.12248111098296724,0.12302991447200101
6006,2,ISF,0.15343842897853613,0.15394788207350743
6006,3,DBL,0.1430932230681272,0.1432090076624268
6006,3,DMM,0.12296269125020559,0.12302991447200101
6006,3,ISF,0.1538557005177228,0.15394788207350743
6006,4,DBL,0.14332772492084173,0.1432090076624268
6006,4,DMM,0.1232362851120992,0.12302991447200101
6006,4,ISF,0.1540920226261257,0.15394788207350743
6006,5,DBL,0.14304824673650202,0.1432090076624268
6006,5,DMM,0.12301645109675492,0.12302991447200101
6006,5,ISF,0.15389861829236057,0.15394788207350743
6006,6,DBL,0.1430333941158491,0.1432090076624268
6006,6,DMM,0.12303233056171754,0.12302991447200101
6006,6,ISF,0.15391498604527074,0.15394788207350743
6006,7,DBL,0.14314975154760923,0.1432090076624268
6006,7,DMM,0.12311378483738093,0.12302991447200101
6006,7,ISF,0.1540078384431227,0.15394788207350743
6006,8,DBL,0.14339838983073416,0.1432090076624268
6006,8,DMM,0.12338692842753099,0.12302991447200101
6006,8,ISF,0.15423998579301762,0.15394788207350743
6006,9,DBL,0.14282406034819656,0.1432090076624268
6006,9,DMM,0.1227249111458781,0.12302991447200101
6006,9,ISF,0.15367951019591464,0.15394788207350743
6006,10,DBL,0.14247881945530977,0.1432090076624268
6006,10,DMM,0.12232608380985824,0.12302991447200101
6006,10,ISF,0.15333429211075372,0.15394788207350743
6007,0,DBL,0.13891298815059228,0.13997698815059229
6007,0,DMM,0.11923950950626906,0.12030350950626906
6007,0,ISF,0.1505465206635473,0.1516105206635473
6007,1,DBL,0.13932747068308485,0.13997698815059229
6007,1,DMM,0.11970420269238023,0.12030350950626906
6007,1,ISF,0.15099402101366763,0.1516105206635473
6007,2,DBL,0.1395834765649276,0.13997698815059229
6007,2,DMM,0.11997971041476914,0.12030350950626906
6007,2,ISF,0.15124386335678555,0.1516105206635473
6007,3,DBL,0.13949969032913348,0.13997698815059229
6007,3,DMM,0.11986009838271032,0.12030350950626906
6007,3,ISF,0.1511457008530411,0.1516105206635473
6007,4,DBL,0.13970875681805522,0.13997698815059229
6007,4,DMM,0.12009278219129264,0.12030350950626906
6007,4,ISF,0.15136212959937154,0.1516105206635473
6007,5,DBL,0.1398092391313213,0.13997698815059229
6007,5,DMM,0.12024576037720543,0.12030350950626906
6007,5,ISF,0.15151143842386378,0.1516105206635473
6007,6,DBL,0.14002855966728173,0.13997698815059229
6007,6,DMM,0.12046179629096791,0.12030350950626906
6007,6,ISF,0.15171595131183951,0.1516105206635473
6007,7,DBL,0.14001706379252302,0.13997698815059229
6007,7,DMM,0.12040847548645513,0.12030350950626906
6007,7,ISF,0.1516894139420558,0.1516105206635473
6007,8,DBL,0.13987141383525942,0.13997698815059229
6007,8,DMM,0.1202546338980326,0.12030350950626906
6007,8,ISF,0.15152611131966767,0.1516105206635473
6007,9,DBL,0.14028754887714112,0.13997698815059229
6007,9,DMM,0.12067426274137853,0.12030350950626906
6007,9,ISF,0.1519094027497274,0.1516105206635473
6007,10,DBL,0.14023843921818518,0.13997698815059229
6007,10,DMM,0.12056089340785756,0.12030350950626906
6007,10,ISF,0.15183186035118587,0.1516105206635473
6008,0,DBL,0.14542965719025944,0.14644565719025943
6008,0,DMM,0.12491509545542387,0.12593109545542386
6008,0,ISF,0.15545939578786794,0.15647539578786795
6008,1,DBL,0.14604789460949066,0.14644565719025943
6008,1,DMM,0.12556183649136152,0.12593109545542386
6008,1,ISF,0.1560624727378197,0.15647539578786795
6008,2,DBL,0.14619510406625819,0.14644565719025943
6008,2,DMM,0.12571259868977663,0.12593109545542386
6008,2,ISF,0.15620627026348555,0.15647539578786795
6008,3,DBL,0.14650395693152507,0.14644565719025943
6008,3,DMM,0.12599577586715388,0.12593109545542386
6008,3,ISF,0.15649633047843223,0.15647539578786795
6008,4,DBL,0.14625335314185187,0.14644565719025943
6008,4,DMM,0.12575612167805317,0.12593109545542386
6008,4,ISF,0.1562866428492858,0.15647539578786795
6008,5,DBL,0.14613690064205126,0.14644565719025943
6008,5,DMM,0.12560920538953824,0.12593109545542386
6008,5,ISF,0.15618475085800917,0.15647539578786795
6008,6,DBL,0.14638790919224665,0.14644565719025943
6008,6,DMM,0.1259041490267936,0.12593109545542386
6008,6,ISF,0.1564569847065581,0.15647539578786795
6008,7,DBL,0.14643098091103657,0.14644565719025943
6008,7,DMM,0.1260091368362855,0.12593109545542386
6008,7,ISF,0.15656591672670653,0.15647539578786795
6008,8,DBL,0.14662093812585023,0.14644565719025943
6008,8,DMM,0.12618654189859133,0.12593109545542386
6008,8,ISF,0.15674562050119187,0.15647539578786795
6008,9,DBL,0.1467582442659681,0.14644565719025943
6008,9,DMM,0.1263162358506473,0.12593109545542386
6008,9,ISF,0.15685023980544757,0.15647539578786795
6008,10,DBL,0.14706214228328357,0.14644565719025943
6008,10,DMM,0.12667593032366217,0.12593109545542386
6008,10,ISF,0.15716579872361822,0.15647539578786795
6009,0,DBL,0.14096739366896208,0.1423273936689621
6009,0,DMM,0.12104051740308057,0.12240051740308056
6009,0,ISF,0.15206793839335195,0.15342793839335198
6009,1,DBL,0.14135729835993738,0.1423273936689621
6009,1,DMM,0.12141636057750953,0.12240051740308056
6009,1,ISF,0.1524424071200662,0.15342793839335198
6009,2,DBL,0.1417200129570932,0.1423273936689621
6009,2,DMM,0.12177183728844994,0.12240051740308056
6009,2,ISF,0.1527930584722462,0.15342793839335198
6009,3,DBL,0.14197196290935904,0.1423273936689621
6009,3,DMM,0.12198299455469222,0.12240051740308056
6009,3,ISF,0.1530050205152149,0.15342793839335198
6009,4,DBL,0.1420945728625796,0.1423273936689621
6009,4,DMM,0.12209309387560964,0.12240051740308056
6009,4,ISF,0.15312677931732424,0.15342793839335198
6009,5,DBL,0.14172114096825916,0.1423273936689621
6009,5,DMM,0.12171158911944936,0.12240051740308056
6009,5,ISF,0.15278255922461015,0.15342793839335198
6009,6,DBL,0.1420567417132485,0.1423273936689621
6009,6,DMM,0.12202399365955097,0.12240051740308056
6009,6,ISF,0.15309149953469925,0.15342793839335198
6009,7,DBL,0.14202207844333806,0.1423273936689621
6009,7,DMM,0.12201986050885055,0.12240051740308056
6009,7,ISF,0.15306105303858655,0.15342793839335198
6009,8,DBL,0.14224669443882582,0.1423273936689621
6009,8,DMM,0.12228204282116412,0.12240051740308056
6009,8,ISF,0.15328027947239614,0.15342793839335198
6009,9,DBL,0.14209169411440384,0.1423273936689621
6009,9,DMM,0.12212412228723142,0.12240051740308056
6009,9,ISF,0.15315774537752952,0.15342793839335198
6009,10,DBL,0.14231151979647028,0.1423273936689621
6009,10,DMM,0.12236504896397739,0.12240051740308056
6009,10,ISF,0.15335540596456024,0.15342793839335198
6010,0,DBL,0.1415121587809303,0.14267215878093026
6010,0,DMM,0.12153791078297804,0.12269791078297802
6010,0,ISF,0.1525297640831818,0.15368976408318177
6010,1,DBL,0.14173350319217534,0.14267215878093026
6010,1,DMM,0.12171950437052283,0.12269791078297802
6010,1,ISF,0.15273819008228295,0.15368976408318177
6010,2,DBL,0.14181957871519552,0.14267215878093026
6010,2,DMM,0.12177569248631677,0.12269791078297802
6010,2,ISF,0.15282511956140216,0.15368976408318177
6010,3,DBL,0.1417964547277553,0.14267215878093026
6010,3,DMM,0.1218222424397948,0.12269791078297802
6010,3,ISF,0.15285411845093896,0.15368976408318177
6010,4,DBL,0.14195951422006384,0.14267215878093026
6010,4,DMM,0.12195960019420328,0.12269791078297802
6010,4,ISF,0.15298634136268502,0.15368976408318177
6010,5,DBL,0.14216813029521885,0.14267215878093026
6010,5,DMM,0.12215498099349308,0.12269791078297802
6010,5,ISF,0.15315023163435024,0.15368976408318177
6010,6,DBL,0.14215059304887076,0.14267215878093026
6010,6,DMM,0.12220584337679709,0.12269791078297802
6010,6,ISF,0.15319336010058213,0.15368976408318177
6010,7,DBL,0.14182154077575565,0.14267215878093026
6010,7,DMM,0.12178741975334431,0.12269791078297802
6010,7,ISF,0.15285268858013426,0.15368976408318177
6010,8,DBL,0.14197512954810285,0.14267215878093026
6010,8,DMM,0.1218754926023606,0.12269791078297802
6010,8,ISF,0.15293975049009526,0.15368976408318177
6010,9,DBL,0.14236891010009742,0.14267215878093026
6010,9,DMM,0.12230286237744678,0.12269791078297802
6010,9,ISF,0.15332684609687802,0.15368976408318177
6010,10,DBL,0.14216531204105207,0.14267215878093026
6010,10,DMM,0.12211879635703127,0.12269791078297802
6010,10,ISF,0.15314246779152513,0.15368976408318177
6011,0,DBL,0.14167488195177622,0.14271488195177623
6011,0,DMM,0.12176802156423186,0.12280802156423185
6011,0,ISF,0.15269898985852232,0.15373898985852233
6011,1,DBL,0.1416949212628108,0.14271488195177623
6011,1,DMM,0.12173322271152193,0.12280802156423185
6011,1,ISF,0.15272496546730466,0.15373898985852233
6011,2,DBL,0.14181737478762468,0.14271488195177623
6011,2,DMM,0.1218653938358662,0.12280802156423185
6011,2,ISF,0.1528702815639114,0.15373898985852233
6011,3,DBL,0.14208040724194226,0.14271488195177623
6011,3,DMM,0.12216179993772357,0.12280802156423185
6011,3,ISF,0.15315960333858597,0.15373898985852233
6011,4,DBL,0.1422856510471735,0.14271488195177623
6011,4,DMM,0.1223793595175438,0.12280802156423185
6011,4,ISF,0.15335870667776708,0.15373898985852233
6011,5,DBL,0.14251208997630013,0.14271488195177623
6011,5,DMM,0.12263724790576766,0.12280802156423185
6011,5,ISF,0.15359222795016453,0.15373898985852233
6011,6,DBL,0.14243635512684422,0.14271488195177623
6011,6,DMM,0.12261083652622698,0.12280802156423185
6011,6,ISF,0.15357069879711405,0.15373898985852233
6011,7,DBL,0.14232680397437739,0.14271488195177623
6011,7,DMM,0.12249512257427715,0.12280802156423185
6011,7,ISF,0.15346687622712457,0.15373898985852233
6011,8,DBL,0.14258431884495995,0.14271488195177623
6011,8,DMM,0.12270255690136636,0.12280802156423185
6011,8,ISF,0.1536515901085349,0.15373898985852233
6011,9,DBL,0.14248030141813084,0.14271488195177623
6011,9,DMM,0.12260746094191372,0.12280802156423185
6011,9,ISF,0.153590441712317,0.15373898985852233
6011,10,DBL,0.14246811933983833,0.14271488195177623
6011,10,DMM,0.12257716490165015,0.12280802156423185
6011,10,ISF,0.15357473628402346,0.15373898985852233
6012,0,DBL,0.14464970249310805,0.145857702493108
6012,0,DMM,0.12433220422395978,0.12554020422395978
6012,0,ISF,0.15496039311722934,0.1561683931172293
6012,1,DBL,0.14440563488608527,0.145857702493108
6012,1,DMM,0.12398390709117119,0.12554020422395978
6012,1,ISF,0.15471727622713716,0.1561683931172293
6012,2,DBL,0.144652736631203,0.145857702493108
6012,2,DMM,0.12424665430103835,0.12554020422395978
6012,2,ISF,0.15497445367484683,0.1561683931172293
6012,3,DBL,0.14463437477347935,0.145857702493108
6012,3,DMM,0.12417094468518136,0.12554020422395978
6012,3,ISF,0.15493832600566335,0.1561683931172293
6012,4,DBL,0.1447582618894904,0.145857702493108
6012,4,DMM,0.12425201374553779,0.12554020422395978
6012,4,ISF,0.1550508496264437,0.1561683931172293
6012,5,DBL,0.14480800126318125,0.145857702493108
6012,5,DMM,0.12434733742468712,0.12554020422395978
6012,5,ISF,0.15512456277480846,0.1561683931172293
6012,6,DBL,0.14487771984939826,0.145857702493108
6012,6,DMM,0.12446588183025341,0.12554020422395978
6012,6,ISF,0.15521565766020595,0.1561683931172293
6012,7,DBL,0.14489157023512605,0.145857702493108
6012,7,DMM,0.12453074070107123,0.12554020422395978
6012,7,ISF,0.1552545221226768,0.1561683931172293
6012,8,DBL,0.14477649461313932,0.145857702493108
6012,8,DMM,0.12441645319447271,0.12554020422395978
6012,8,ISF,0.15515409329589824,0.1561683931172293
6012,9,DBL,0.14488378033235716,0.145857702493108
6012,9,DMM,0.1245746708846433,0.12554020422395978
6012,9,ISF,0.1552942655708739,0.1561683931172293
6012,10,DBL,0.1447669343250011,0.145857702493108
6012,10,DMM,0.12444327377930607,0.12554020422395978
6012,10,ISF,0.15517850100563577,0.1561683931172293
6013,0,DBL,0.13957512440286401,0.140671124402864
6013,0,DMM,0.11994721517330774,0.12104321517330774
6013,0,ISF,0.1511315042011029,0.15222750420110293
6013,1,DBL,0.13988351358836776,0.140671124402864
6013,1,DMM,0.12026389130270003,0.12104321517330774
6013,1,ISF,0.15144303816223043,0.15222750420110293
6013,2,DBL,0.140187447005341,0.140671124402864
6013,2,DMM,0.12054398152164808,0.12104321517330774
6013,2,ISF,0.15172856612092173,0.15222750420110293
6013,3,DBL,0.1404867723794551,0.140671124402864
6013,3,DMM,0.12084839086871405,0.12104321517330774
6013,3,ISF,0.1520030313242804,0.15222750420110293
6013,4,DBL,0.14064028362060657,0.140671124402864
6013,4,DMM,0.12098794349634184,0.12104321517330774
6013,4,ISF,0.1521306114197307,0.15222750420110293
6013,5,DBL,0.14059836863693503,0.140671124402864
6013,5,DMM,0.1209571562714171,0.12104321517330774
6013,5,ISF,0.15210457591327203,0.15222750420110293
6013,6,DBL,0.1402472149529369,0.140671124402864
6013,6,DMM,0.12059632919099082,0.12104321517330774
6013,6,ISF,0.15179463311694247,0.15222750420110293
6013,7,DBL,0.14006971034261873,0.140671124402864
6013,7,DMM,0.12033044745217308,0.12104321517330774
6013,7,ISF,0.15159783317653955,0.15222750420110293
6013,8,DBL,0.14008365682450696,0.140671124402864
6013,8,DMM,0.12034195814813169,0.12104321517330774
6013,8,ISF,0.15158105323494467,0.15222750420110293
6013,9,DBL,0.14017466737675738,0.140671124402864
6013,9,DMM,0.12041940703017114,0.12104321517330774
6013,9,ISF,0.15165746089218174,0.15222750420110293
6013,10,DBL,0.14048477981212648,0.140671124402864
6013,10,DMM,0.12070567926435202,0.12104321517330774
6013,10,ISF,0.15192250621646863,0.15222750420110293
6014,0,DBL,0.14139896892482726,0.14242296892482723
6014,0,DMM,0.12145826629975626,0.12248226629975627
6014,0,ISF,0.1524591359829526,0.1534831359829526
6014,1,DBL,0.14178232253234369,0.14242296892482723
6014,1,DMM,0.12182888194370893,0.12248226629975627
6014,1,ISF,0.15280792622253123,0.1534831359829526
6014,2,DBL,0.1423843919187093,0.14242296892482723
6014,2,DMM,0.12242181898366208,0.12248226629975627
6014,2,ISF,0.15334677493811788,0.1534831359829526
6014,3,DBL,0.14238432291734757,0.14242296892482723
6014,3,DMM,0.12238191368281623,0.12248226629975627
6014,3,ISF,0.15334697867939281,0.1534831359829526
6014,4,DBL,0.14229851066191318,0.14242296892482723
6014,4,DMM,0.12226133520997934,0.12248226629975627
6014,4,ISF,0.1532832226385623,0.1534831359829526
6014,5,DBL,0.14223745765158743,0.14242296892482723
6014,5,DMM,0.12219947270659916,0.12248226629975627
6014,5,ISF,0.15324215371854838,0.1534831359829526
6014,6,DBL,0.14220820870146825,0.14242296892482723
6014,6,DMM,0.12221082385328659,0.12248226629975627
6014,6,ISF,0.15325123817693476,0.1534831359829526
6014,7,DBL,0.14239337285601467,0.14242296892482723
6014,7,DMM,0.12245547492107792,0.12248226629975627
6014,7,ISF,0.15347954710244063,0.1534831359829526
6014,8,DBL,0.14227854423590683,0.14242296892482723
6014,8,DMM,0.12234088850148375,0.12248226629975627
6014,8,ISF,0.1533744554004291,0.1534831359829526
6014,9,DBL,0.14207585094678327,0.14242296892482723
6014,9,DMM,0.12216550311783364,0.12248226629975627
6014,9,ISF,0.15317460853932346,0.1534831359829526
6014,10,DBL,0.14220205142692913,0.14242296892482723
6014,10,DMM,0.1223091936313903,0.12248226629975627
6014,10,ISF,0.1533166256623382,0.1534831359829526
6015,0,DBL,0.1481006213972454,0.1495500622248959
6015,0,DMM,0.1277662650705878,0.1292157058982383
6015,0,ISF,0.15788474075986114,0.15933418158751164
6015,1,DBL,0.14814209747563864,0.1495500622248959
6015,1,DMM,0.12773481634928532,0.1292157058982383
6015,1,ISF,0.1579180085083402,0.15933418158751164
6015,2,DBL,0.148643188032464,0.1495500622248959
6015,2,DMM,0.12826069580240898,0.1292157058982383
6015,2,ISF,0.15840974690184967,0.15933418158751164
6015,3,DBL,0.14839252159508065,0.1495500622248959
6015,3,DMM,0.127996408242669,0.1292157058982383
6015,3,ISF,0.15819637827653527,0.15933418158751164
6015,4,DBL,0.14855359448644498,0.1495500622248959
6015,4,DMM,0.12811878323412382,0.1292157058982383
6015,4,ISF,0.1583236210237271,0.15933418158751164
6015,5,DBL,0.14874169482900457,0.1495500622248959
6015,5,DMM,0.12831337459972814,0.1292157058982383
6015,5,ISF,0.15849587276659108,0.15933418158751164
6015,6,DBL,0.14908057716471293,0.1495500622248959
6015,6,DMM,0.12858882133802038,0.1292157058982383
6015,6,ISF,0.15877169547459777,0.15933418158751164
6015,7,DBL,0.14932331785370717,0.1495500622248959
6015,7,DMM,0.12884878794154678,0.1292157058982383
6015,7,ISF,0.15899114572844433,0.15933418158751164
6015,8,DBL,0.1495506077289215,0.1495500622248959
6015,8,DMM,0.1291380944130026,0.1292157058982383
6015,8,ISF,0.15922446297721396,0.15933418158751164
6015,9,DBL,0.14965201089760902,0.1495500622248959
6015,9,DMM,0.12922258288105076,0.1292157058982383
6015,9,ISF,0.15935100803039223,0.15933418158751164
6015,10,DBL,0.14959336200292275,0.1495500622248959
6015,10,DMM,0.12921645037973797,0.1292157058982383
6015,10,ISF,0.15932788618250698,0.15933418158751164
6016,0,DBL,0.14187417443270822,0.1429381744327082
6016,0,DMM,0.12193393180349385,0.12299793180349385
6016,0,ISF,0.15285410966381885,0.15391810966381883
6016,1,DBL,0.14191372051205442,0.1429381744327082
6016,1,DMM,0.12190171712152668,0.12299793180349385
6016,1,ISF,0.15289538736876254,0.15391810966381883
6016,2,DBL,0.14225774666981372,0.1429381744327082
6016,2,DMM,0.12227059353319887,0.12299793180349385
6016,2,ISF,0.15322216351960738,0.15391810966381883
6016,3,DBL,0.14221020030441786,0.1429381744327082
6016,3,DMM,0.12218121881663765,0.12299793180349385
6016,3,ISF,0.1531782361474353,0.15391810966381883
6016,4,DBL,0.14227876186632984,0.1429381744327082
6016,4,DMM,0.12226645519440764,0.12299793180349385
6016,4,ISF,0.15326125532270665,0.15391810966381883
6016,5,DBL,0.14211617219700368,0.1429381744327082
6016,5,DMM,0.12217799484462223,0.12299793180349385
6016,5,ISF,0.15317821411447258,0.15391810966381883
6016,6,DBL,0.14237714532106396,0.1429381744327082
6016,6,DMM,0.12241696650183248,0.12299793180349385
6016,6,ISF,0.1534025177304032,0.15391810966381883
6016,7,DBL,0.14251039652186925,0.1429381744327082
6016,7,DMM,0.12259736531274433,0.12299793180349385
6016,7,ISF,0.15353968122594075,0.15391810966381883
6016,8,DBL,0.1424543020284228,0.1429381744327082
6016,8,DMM,0.12250066361124945,0.12299793180349385
6016,8,ISF,0.15346257433807703,0.15391810966381883
6016,9,DBL,0.1425729477616762,0.1429381744327082
6016,9,DMM,0.12262585661324918,0.12299793180349385
6016,9,ISF,0.15359879847919125,0.15391810966381883
6016,10,DBL,0.1425020775802645,0.1429381744327082
6016,10,DMM,0.12252014535520893,0.12299793180349385
6016,10,ISF,0.15352052613748318,0.15391810966381883
6017,0,DBL,0.14445014451148486,0.14547414451148485
6017,0,DMM,0.12401413909525992,0.12503813909525993
6017,0,ISF,0.15469540314283267,0.15571940314283267
6017,1,DBL,0.14488363246810934,0.14547414451148485
6017,1,DMM,0.12444293734016608,0.12503813909525993
6017,1,ISF,0.15511307465877505,0.15571940314283267
6017,2,DBL,0.14520879066560136,0.14547414451148485
6017,2,DMM,0.12478234362017412,0.12503813909525993
6017,2,ISF,0.15544731274439857,0.15571940314283267
6017,3,DBL,0.1455683576991435,0.14547414451148485
6017,3,DMM,0.125149467374582,0.12503813909525993
6017,3,ISF,0.15576347406830965,0.15571940314283267
6017,4,DBL,0.14536978439201484,0.14547414451148485
6017,4,DMM,0.12489762345390172,0.12503813909525993
6017,4,ISF,0.1555561161657425,0.15571940314283267
6017,5,DBL,0.14552006655102873,0.14547414451148485
6017,5,DMM,0.12505602761163506,0.12503813909525993
6017,5,ISF,0.15569860142122668,0.15571940314283267
6017,6,DBL,0.14543842127518924,0.14547414451148485
6017,6,DMM,0.12499697146822994,0.12503813909525993
6017,6,ISF,0.15565993780274362,0.15571940314283267
6017,7,DBL,0.14528672590486658,0.14547414451148485
6017,7,DMM,0.12484920804769298,0.12503813909525993
6017,7,ISF,0.15552679545663026,0.15571940314283267
6017,8,DBL,0.14513427744195037,0.14547414451148485
6017,8,DMM,0.12467665229556672,0.12503813909525993
6017,8,ISF,0.1553901679574391,0.15571940314283267
6017,9,DBL,0.14526466194829252,0.14547414451148485
6017,9,DMM,0.12482956685848298,0.12503813909525993
6017,9,ISF,0.15551676900823183,0.15571940314283267
6017,10,DBL,0.14520450476450775,0.14547414451148485
6017,10,DMM,0.12473059993014093,0.12503813909525993
6017,10,ISF,0.15544926203800868,0.15571940314283267
6018,0,DBL,0.14166520051818876,0.14285720051818873
6018,0,DMM,0.12170185958600602,0.12289385958600603
6018,0,ISF,0.15265562626601836,0.1538476262660184
6018,1,DBL,0.14207836123890008,0.14285720051818873
6018,1,DMM,0.12211843349319539,0.12289385958600603
6018,1,ISF,0.15305980908483044,0.1538476262660184
6018,2,DBL,0.1422063565638015,0.14285720051818873
6018,2,DMM,0.12219476456261283,0.12289385958600603
6018,2,ISF,0.15316836410214973,0.1538476262660184
6018,3,DBL,0.14240862105807783,0.14285720051818873
6018,3,DMM,0.12239678653126418,0.12289385958600603
6018,3,ISF,0.15335955783624458,0.1538476262660184
6018,4,DBL,0.14273664726246857,0.14285720051818873
6018,4,DMM,0.12272828366054254,0.12289385958600603
6018,4,ISF,0.15366403569565754,0.1538476262660184
6018,5,DBL,0.14294315394277152,0.14285720051818873
6018,5,DMM,0.12296408964723529,0.12289385958600603
6018,5,ISF,0.15387670799788222,0.1538476262660184
6018,6,DBL,0.1432237534894684,0.14285720051818873
6018,6,DMM,0.12328752391419424,0.12289385958600603
6018,6,ISF,0.15414869885406243,0.1538476262660184
6018,7,DBL,0.14320350304523133,0.14285720051818873
6018,7,DMM,0.123276455095814,0.12289385958600603
6018,7,ISF,0.15414241789311903,0.1538476262660184
6018,8,DBL,0.14310721960987902,0.14285720051818873
6018,8,DMM,0.12315626925380134,0.12289385958600603
6018,8,ISF,0.1540516305513945,0.1538476262660184
6018,9,DBL,0.14287825684323374,0.14285720051818873
6018,9,DMM,0.12293435312862894,0.12289385958600603
6018,9,ISF,0.15384907895650443,0.1538476262660184
6018,10,DBL,0.14251950233192143,0.14285720051818873
6018,10,DMM,0.12255441252596,0.12289385958600603
6018,10,ISF,0.1535310143935122,0.1538476262660184
6019,0,DBL,0.14289425512945061,0.14411025512945064
6019,0,DMM,0.1226161388704638,0.12383213887046382
6019,0,ISF,0.15345899855346803,0.15467499855346806
6019,1,DBL,0.14348775167076958,0.14411025512945064
6019,1,DMM,0.12325417657030592,0.12383213887046382
6019,1,ISF,0.15405339697767706,0.15467499855346806
6019,2,DBL,0.14349146128126214,0.14411025512945064
6019,2,DMM,0.1232467979161512,0.12383213887046382
6019,2,ISF,0.1540919594334019,0.15467499855346806
6019,3,DBL,0.1435718116995449,0.14411025512945064
6019,3,DMM,0.12332086483507958,0.12383213887046382
6019,3,ISF,0.15418317064001225,0.15467499855346806
6019,4,DBL,0.14366228110946197,0.14411025512945064
6019,4,DMM,0.12342829921562938,0.12383213887046382
6019,4,ISF,0.15429258162249038,0.15467499855346806
6019,5,DBL,0.1434074401311807,0.14411025512945064
6019,5,DMM,0.12313411810856822,0.12383213887046382
6019,5,ISF,0.15403884038531893,0.15467499855346806
6019,6,DBL,0.14343652297246506,0.14411025512945064
6019,6,DMM,0.12318697622364823,0.12383213887046382
6019,6,ISF,0.15409288197289092,0.15467499855346806
6019,7,DBL,0.1432128451569237,0.14411025512945064
6019,7,DMM,0.12296596397642669,0.12383213887046382
6019,7,ISF,0.15389364672871148,0.15467499855346806
6019,8,DBL,0.1432575538976932,0.14411025512945064
6019,8,DMM,0.12299010437414955,0.12383213887046382
6019,8,ISF,0.1539014081894156,0.15467499855346806
6019,9,DBL,0.1430093198115097,0.14411025512945064
6019,9,DMM,0.12278371217160021,0.12383213887046382
6019,9,ISF,0.15371624386846788,0.15467499855346806
6019,10,DBL,0.14328694340704984,0.14411025512945064
6019,10,DMM,0.12306438021310187,0.12383213887046382
6019,10,ISF,0.1539682748339391,0.15467499855346806
6020,0,DBL,0.14268105109603582,0.1439803609804288
6020,0,DMM,0.12271103933998187,0.12401034922437486
6020,0,ISF,0.15360190138597912,0.1549012112703721
6020,1,DBL,0.14341475547535107,0.1439803609804288
6020,1,DMM,0.12344429253833633,0.12401034922437486
6020,1,ISF,0.15428018723956194,0.1549012112703721
6020,2,DBL,0.14346529676707995,0.1439803609804288
6020,2,DMM,0.1234554074727237,0.12401034922437486
6020,2,ISF,0.1543223513760731,0.1549012112703721
6020,3,DBL,0.14389015465496605,0.1439803609804288
6020,3,DMM,0.12390706507522195,0.12401034922437486
6020,3,ISF,0.15471854222652395,0.1549012112703721
6020,4,DBL,0.1437470543850944,0.1439803609804288
6020,4,DMM,0.12372816672567019,0.12401034922437486
6020,4,ISF,0.15456644525996574,0.1549012112703721
6020,5,DBL,0.14382820483865671,0.1439803609804288
6020,5,DMM,0.12382073592706605,0.12401034922437486
6020,5,ISF,0.15465329372730868,0.1549012112703721
6020,6,DBL,0.14406300028314775,0.1439803609804288
6020,6,DMM,0.124066604144434,0.12401034922437486
6020,6,ISF,0.15487987722530472,0.1549012112703721
6020,7,DBL,0.14420831981874901,0.1439803609804288
6020,7,DMM,0.12421258699745463,0.12401034922437486
6020,7,ISF,0.15498896905334086,0.1549012112703721
6020,8,DBL,0.14395553929891908,0.1439803609804288
6020,8,DMM,0.1239673084492882,0.12401034922437486
6020,8,ISF,0.154792691914418,0.1549012112703721
6020,9,DBL,0.14396408738948577,0.1439803609804288
6020,9,DMM,0.1239100118720851,0.12401034922437486
6020,9,ISF,0.1547488323182736,0.1549012112703721
6020,10,DBL,0.14394541640463737,0.1439803609804288
6020,10,DMM,0.12388053943572526,0.12401034922437486
6020,10,ISF,0.15473215900528658,0.1549012112703721
6021,0,DBL,0.14518243419199636,0.14626243419199636
6021,0,DMM,0.12508798750505373,0.12616798750505373
6021,0,ISF,0.15560889077521908,0.15668889077521908
6021,1,DBL,0.14516878833463073,0.14626243419199636
6021,1,DMM,0.12501837403656924,0.12616798750505373
6021,1,ISF,0.15561263223967084,0.15668889077521908
6021,2,DBL,0.14537334639441243,0.14626243419199636
6021,2,DMM,0.12521502363745438,0.12616798750505373
6021,2,ISF,0.1558053428748336,0.15668889077521908
6021,3,DBL,0.1455221082929985,0.14626243419199636
6021,3,DMM,0.12538056624632188,0.12616798750505373
6021,3,ISF,0.15597673929729308,0.15668889077521908
6021,4,DBL,0.14570910195361286,0.14626243419199636
6021,4,DMM,0.125599985603012,0.12616798750505373
6021,4,ISF,0.15617377579130343,0.15668889077521908
6021,5,DBL,0.14589828574101488,0.14626243419199636
6021,5,DMM,0.12579735657256833,0.12616798750505373
6021,5,ISF,0.1563352715554335,0.15668889077521908
6021,6,DBL,0.14570821464598574,0.14626243419199636
6021,6,DMM,0.12558755911396666,0.12616798750505373
6021,6,ISF,0.1561776565274583,0.15668889077521908
6021,7,DBL,0.14571897897285718,0.14626243419199636
6021,7,DMM,0.125621460804537,0.12616798750505373
6021,7,ISF,0.1562016498000426,0.15668889077521908
6021,8,DBL,0.14587122418219506,0.14626243419199636
6021,8,DMM,0.12578617834290212,0.12616798750505373
6021,8,ISF,0.15634134889718299,0.15668889077521908
6021,9,DBL,0.14594034631834232,0.14626243419199636
6021,9,DMM,0.12586106204889377,0.12616798750505373
6021,9,ISF,0.1563987403223728,0.15668889077521908
6021,10,DBL,0.14657389901176662,0.14626243419199636
6021,10,DMM,0.12653804448076558,0.12616798750505373
6021,10,ISF,0.1570046759190588,0.15668889077521908
6022,0,DBL,0.1432843671666241,0.1443723671666241
6022,0,DMM,0.12312073168217433,0.12420873168217435
6022,0,ISF,0.15390230885715384,0.15499030885715384
6022,1,DBL,0.1434818478771737,0.1443723671666241
6022,1,DMM,0.12327003431229774,0.12420873168217435
6022,1,ISF,0.15407282608370088,0.15499030885715384
6022,2,DBL,0.1434725669735123,0.1443723671666241
6022,2,DMM,0.12324639728981868,0.12420873168217435
6022,2,ISF,0.15409828496571698,0.15499030885715384
6022,3,DBL,0.1438732576879241,0.1443723671666241
6022,3,DMM,0.12366092180778925,0.12420873168217435
6022,3,ISF,0.15447669867009278,0.15499030885715384
6022,4,DBL,0.1440351085880477,0.1443723671666241
6022,4,DMM,0.12380690703540033,0.12420873168217435
6022,4,ISF,0.15464544010038103,0.15499030885715384
6022,5,DBL,0.144205904280073,0.1443723671666241
6022,5,DMM,0.12400824610957834,0.12420873168217435
6022,5,ISF,0.15482180808065923,0.15499030885715384
6022,6,DBL,0.14388436005825778,0.1443723671666241
6022,6,DMM,0.12365115520227273,0.12420873168217435
6022,6,ISF,0.15449435270133186,0.15499030885715384
6022,7,DBL,0.14404370672087885,0.1443723671666241
6022,7,DMM,0.12384533411311326,0.12420873168217435
6022,7,ISF,0.15467308642959102,0.15499030885715384
6022,8,DBL,0.14440283745024757,0.1443723671666241
6022,8,DMM,0.12419631624573699,0.12420873168217435
6022,8,ISF,0.154995969483285,0.15499030885715384
6022,9,DBL,0.14419788556502888,0.1443723671666241
6022,9,DMM,0.12396637473570822,0.12420873168217435
6022,9,ISF,0.1548040348759051,0.15499030885715384
6022,10,DBL,0.14394106271751456,0.1443723671666241
6022,10,DMM,0.12370879605588003,0.12420873168217435
6022,10,ISF,0.1545806189606728,0.15499030885715384
6023,0,DBL,0.14498099018353633,0.14594899018353633
6023,0,DMM,0.12438252857846066,0.12535052857846066
6023,0,ISF,0.15500397881903327,0.1559719788190333
6023,1,DBL,0.145246218964546,0.14594899018353633
6023,1,DMM,0.12463348057701044,0.12535052857846066
6023,1,ISF,0.1552854613982,0.1559719788190333
6023,2,DBL,0.14553399762248978,0.14594899018353633
6023,2,DMM,0.12492842607865433,0.12535052857846066
6023,2,ISF,0.1555651847783376,0.1559719788190333
6023,3,DBL,0.1457299412466008,0.14594899018353633
6023,3,DMM,0.12513891050778272,0.12535052857846066
6023,3,ISF,0.15576136306051744,0.1559719788190333
6023,4,DBL,0.14600126781238074,0.14594899018353633
6023,4,DMM,0.12539963193879036,0.12535052857846066
6023,4,ISF,0.15600520883749233,0.1559719788190333
6023,5,DBL,0.14615603054423448,0.14594899018353633
6023,5,DMM,0.12555863280023447,0.12535052857846066
6023,5,ISF,0.15616703510237476,0.1559719788190333
6023,6,DBL,0.14596027851437557,0.14594899018353633
6023,6,DMM,0.12536970544398804,0.12535052857846066
6023,6,ISF,0.15600399084590713,0.1559719788190333
6023,7,DBL,0.1458199025251139,0.14594899018353633
6023,7,DMM,0.1252027914348665,0.12535052857846066
6023,7,ISF,0.15586205147456883,0.1559719788190333
6023,8,DBL,0.1456837650556374,0.14594899018353633
6023,8,DMM,0.1250807665059274,0.12535052857846066
6023,8,ISF,0.15575743489065733,0.1559719788190333
6023,9,DBL,0.14545865011373166,0.14594899018353633
6023,9,DMM,0.12491976430622388,0.12535052857846066
6023,9,ISF,0.1556098411707312,0.1559719788190333
6023,10,DBL,0.14531042864906263,0.14594899018353633
6023,10,DMM,0.12476264774650202,0.12535052857846066
6023,10,ISF,0.15549612786625056,0.1559719788190333
6024,0,DBL,0.14551523018862106,0.14638723018862107
6024,0,DMM,0.12524357191489435,0.12611557191489436
6024,0,ISF,0.15569721973370154,0.15656921973370155
6024,1,DBL,0.14609082980013943,0.14638723018862107
6024,1,DMM,0.1257932342168837,0.12611557191489436
6024,1,ISF,0.15623225720118047,0.15656921973370155
6024,2,DBL,0.14613069741942739,0.14638723018862107
6024,2,DMM,0.12585091127283327,0.12611557191489436
6024,2,ISF,0.15631247391930983,0.15656921973370155
6024,3,DBL,0.1459717596863296,0.14638723018862107
6024,3,DMM,0.12565849238766383,0.12611557191489436
6024,3,ISF,0.1561657343030766,0.15656921973370155
6024,4,DBL,0.14610525070789382,0.14638723018862107
6024,4,DMM,0.1258003338801978,0.12611557191489436
6024,4,ISF,0.15632380947916805,0.15656921973370155
6024,5,DBL,0.1462852659090267,0.14638723018862107
6024,5,DMM,0.12590825774288103,0.12611557191489436
6024,5,ISF,0.1564663391517377,0.15656921973370155
6024,6,DBL,0.14614926380613694,0.14638723018862107
6024,6,DMM,0.12581458352831065,0.12611557191489436
6024,6,ISF,0.15635555023085587,0.15656921973370155
6024,7,DBL,0.14608728074530497,0.14638723018862107
6024,7,DMM,0.12576783599803165,0.12611557191489436
6024,7,ISF,0.15628429308839173,0.15656921973370155
6024,8,DBL,0.14584108034568966,0.14638723018862107
6024,8,DMM,0.12549680781835826,0.12611557191489436
6024,8,ISF,0.15606071308877686,0.15656921973370155
6024,9,DBL,0.14595561036759602,0.14638723018862107
6024,9,DMM,0.1256713882555499,0.12611557191489436
6024,9,ISF,0.15622599383558736,0.15656921973370155
6024,10,DBL,0.14582661178906425,0.14638723018862107
6024,10,DMM,0.1255650426839977,0.12611557191489436
6024,10,ISF,0.15612141696746162,0.15656921973370155
6025,0,DBL,0.1437403071766296,0.14475630717662966
6025,0,DMM,0.12336671244527858,0.1243827124452786
6025,0,ISF,0.15410559280112798,0.155121592801128
6025,1,DBL,0.14412487204644658,0.14475630717662966
6025,1,DMM,0.12373035832474216,0.1243827124452786
6025,1,ISF,0.15448201698091707,0.155121592801128
6025,2,DBL,0.14432850811115544,0.14475630717662966
6025,2,DMM,0.12394619507736242,0.1243827124452786
6025,2,ISF,0.15471265416939864,0.155121592801128
6025,3,DBL,0.14453043745457017,0.14475630717662966
6025,3,DMM,0.12412651589493022,0.1243827124452786
6025,3,ISF,0.1548839026141106,0.155121592801128
6025,4,DBL,0.1447359512111166,0.14475630717662966
6025,4,DMM,0.12435187069614669,0.1243827124452786
6025,4,ISF,0.15508381808992827,0.155121592801128
6025,5,DBL,0.14479222869253203,0.14475630717662966
6025,5,DMM,0.12440126960133885,0.1243827124452786
6025,5,ISF,0.15514863125622966,0.155121592801128
6025,6,DBL,0.14474728625147384,0.14475630717662966
6025,6,DMM,0.12440176612032319,0.1243827124452786
6025,6,ISF,0.15514608706092867,0.155121592801128
6025,7,DBL,0.14451290083025606,0.14475630717662966
6025,7,DMM,0.12419022373737436,0.1243827124452786
6025,7,ISF,0.15495244001626504,0.155121592801128
6025,8,DBL,0.14437585709234443,0.14475630717662966
6025,8,DMM,0.12399640538198994,0.1243827124452786
6025,8,ISF,0.15480610522908253,0.155121592801128
6025,9,DBL,0.14418105622356825,0.14475630717662966
6025,9,DMM,0.12381267298921499,0.1243827124452786
6025,9,ISF,0.15464708513389513,0.155121592801128
6025,10,DBL,0.14440721337216758,0.14475630717662966
6025,10,DMM,0.12406678884429553,0.1243827124452786
6025,10,ISF,0.15486117344061148,0.155121592801128
6026,0,DBL,0.13901043098938248,0.14013843098938245
6026,0,DMM,0.1193179885828042,0.12044598858280418
6026,0,ISF,0.15058302844960478,0.15171102844960477
6026,1,DBL,0.13951431238362536,0.14013843098938245
6026,1,DMM,0.11982041660547672,0.12044598858280418
6026,1,ISF,0.1510698208618067,0.15171102844960477
6026,2,DBL,0.14009766214998343,0.14013843098938245
6026,2,DMM,0.12038838086769582,0.12044598858280418
6026,2,ISF,0.1515968614257646,0.15171102844960477
6026,3,DBL,0.1404500239210143,0.14013843098938245
6026,3,DMM,0.12080590304467055,0.12044598858280418
6026,3,ISF,0.15196715717844334,0.15171102844960477
6026,4,DBL,0.14044288745662456,0.14013843098938245
6026,4,DMM,0.12082401997810577,0.12044598858280418
6026,4,ISF,0.15197944301606847,0.15171102844960477
6026,5,DBL,0.140528009935454,0.14013843098938245
6026,5,DMM,0.12093444890780111,0.12044598858280418
6026,5,ISF,0.15206007621920165,0.15171102844960477
6026,6,DBL,0.14044095075077548,0.14013843098938245
6026,6,DMM,0.12083022652397375,0.12044598858280418
6026,6,ISF,0.1520004116760116,0.15171102844960477
6026,7,DBL,0.14075136474979055,0.14013843098938245
6026,7,DMM,0.12112465818782292,0.12044598858280418
6026,7,ISF,0.1522761884236854,0.15171102844960477
6026,8,DBL,0.14057296646882528,0.14013843098938245
6026,8,DMM,0.12090064601839509,0.12044598858280418
6026,8,ISF,0.1520964336364057,0.15171102844960477
6026,9,DBL,0.14043687115347933,0.14013843098938245
6026,9,DMM,0.12082651609235583,0.12044598858280418
6026,9,ISF,0.15202761394487163,0.15171102844960477
6026,10,DBL,0.14021199874444026,0.14013843098938245
6026,10,DMM,0.12056776756483734,0.12044598858280418
6026,10,ISF,0.1517996146471682,0.15171102844960477
6027,0,DBL,0.14304572262010615,0.14419772262010613
6027,0,DMM,0.12274303508892205,0.12389503508892202
6027,0,ISF,0.1535692463075365,0.1547212463075365
6027,1,DBL,0.1435155643636879,0.14419772262010613
6027,1,DMM,0.1231760472713929,0.12389503508892202
6027,1,ISF,0.1539990387244787,0.1547212463075365
6027,2,DBL,0.14367946127239803,0.14419772262010613
6027,2,DMM,0.1233246008102144,0.12389503508892202
6027,2,ISF,0.15417336329308207,0.1547212463075365
6027,3,DBL,0.14400927224293397,0.14419772262010613
6027,3,DMM,0.12362285687825941,0.12389503508892202
6027,3,ISF,0.1544652493703134,0.1547212463075365
6027,4,DBL,0.14386848499405916,0.14419772262010613
6027,4,DMM,0.12351015022494359,0.12389503508892202
6027,4,ISF,0.1543619297260001,0.1547212463075365
6027,5,DBL,0.14414715049016188,0.14419772262010613
6027,5,DMM,0.12382589730469404,0.12389503508892202
6027,5,ISF,0.15462506447457305,0.1547212463075365
6027,6,DBL,0.14417285587773063,0.14419772262010613
6027,6,DMM,0.12385386675984186,0.12389503508892202
6027,6,ISF,0.15466520992223645,0.1547212463075365
6027,7,DBL,0.143942447157548,0.14419772262010613
6027,7,DMM,0.12359204482588676,0.12389503508892202
6027,7,ISF,0.15443311246094665,0.1547212463075365
6027,8,DBL,0.14411420961176902,0.14419772262010613
6027,8,DMM,0.12379587573061075,0.12389503508892202
6027,8,ISF,0.15461298894888262,0.1547212463075365
6027,9,DBL,0.14394281981690565,0.14419772262010613
6027,9,DMM,0.12364515041724027,0.12389503508892202
6027,9,ISF,0.15449203990705984,0.1547212463075365
6027,10,DBL,0.14376647481793955,0.14419772262010613
6027,10,DMM,0.1234422072101372,0.12389503508892202
6027,10,ISF,0.15433269784607354,0.1547212463075365
6028,0,DBL,0.14393106726571372,0.14495506726571372
6028,0,DMM,0.12369845051900791,0.12472245051900792
6028,0,ISF,0.15439936891263234,0.15542336891263234
6028,1,DBL,0.144111876385909,0.14495506726571372
6028,1,DMM,0.12390399288865989,0.12472245051900792
6028,1,ISF,0.15461206680985307,0.15542336891263234
6028,2,DBL,0.143969646128037,0.14495506726571372
6028,2,DMM,0.12375308271873511,0.12472245051900792
6028,2,ISF,0.15450470339259872,0.15542336891263234
6028,3,DBL,0.1442897644753225,0.14495506726571372
6028,3,DMM,0.1241201459522088,0.12472245051900792
6028,3,ISF,0.1548470632436895,0.15542336891263234
6028,4,DBL,0.14432741645566224,0.14495506726571372
6028,4,DMM,0.12413184872101304,0.12472245051900792
6028,4,ISF,0.15486679989775842,0.15542336891263234
6028,5,DBL,0.14439379135295893,0.14495506726571372
6028,5,DMM,0.12424011483621726,0.12472245051900792
6028,5,ISF,0.15495366018399695,0.15542336891263234
6028,6,DBL,0.14461009545487724,0.14495506726571372
6028,6,DMM,0.12449550968737685,0.12472245051900792
6028,6,ISF,0.15516578222656474,0.15542336891263234
6028,7,DBL,0.14448252847475718,0.14495506726571372
6028,7,DMM,0.12430541464151323,0.12472245051900792
6028,7,ISF,0.15500600182828123,0.15542336891263234
6028,8,DBL,0.14468563283423952,0.14495506726571372
6028,8,DMM,0.12452923349656692,0.12472245051900792
6028,8,ISF,0.15521429703796333,0.15542336891263234
6028,9,DBL,0.1447370841065322,0.14495506726571372
6028,9,DMM,0.12459788917451949,0.12472245051900792
6028,9,ISF,0.15525042234345182,0.15542336891263234
6028,10,DBL,0.14485409635337904,0.14495506726571372
6028,10,DMM,0.12469760773891302,0.12472245051900792
6028,10,ISF,0.1553639451428305,0.15542336891263234
6029,0,DBL,0.14172031250710668,0.14324831250710668
6029,0,DMM,0.12156588265001714,0.12309388265001714
6029,0,ISF,0.15252826118682078,0.1540562611868208
6029,1,DBL,0.14209183944766499,0.14324831250710668
6029,1,DMM,0.12193932975280443,0.12309388265001714
6029,1,ISF,0.15289765509559675,0.1540562611868208
6029,2,DBL,0.1423664298494121,0.14324831250710668
6029,2,DMM,0.12221961111353594,0.12309388265001714
6029,2,ISF,0.15317639712619718,0.1540562611868208
6029,3,DBL,0.14260848544312432,0.14324831250710668
6029,3,DMM,0.1224625184470528,0.12309388265001714
6029,3,ISF,0.15340787231618566,0.1540562611868208
6029,4,DBL,0.14272876692496228,0.14324831250710668
6029,4,DMM,0.12257878723389937,0.12309388265001714
6029,4,ISF,0.15352946600237433,0.1540562611868208
6029,5,DBL,0.14276989277716345,0.14324831250710668
6029,5,DMM,0.12259551864500898,0.12309388265001714
6029,5,ISF,0.1535552678148392,0.1540562611868208
6029,6,DBL,0.14290260640185326,0.14324831250710668
6029,6,DMM,0.12274794624268515,0.12309388265001714
6029,6,ISF,0.15369017142268093,0.1540562611868208
6029,7,DBL,0.14272619911030732,0.14324831250710668
6029,7,DMM,0.12260638760191482,0.12309388265001714
6029,7,ISF,0.15357584524337217,0.1540562611868208
6029,8,DBL,0.14261402096459228,0.14324831250710668
6029,8,DMM,0.12256478293395989,0.12309388265001714
6029,8,ISF,0.15352528958764966,0.1540562611868208
6029,9,DBL,0.14265778138179153,0.14324831250710668
6029,9,DMM,0.1225837323593641,0.12309388265001714
6029,9,ISF,0.15355436504504155,0.1540562611868208
6029,10,DBL,0.14278219059064678,0.14324831250710668
6029,10,DMM,0.12273700999626018,0.12309388265001714
6029,10,ISF,0.15366155499328565,0.1540562611868208
