seed,framework,steady_state_step,pre_shock_E_GMI,post_shock_E_GMI,immediate_loss,recovery_time,recovered
6000,DBL,549,0.14214852904456826,0.14102852904456825,0.0011200000000000099,1,True
6000,DMM,549,0.12221550596022712,0.12109550596022708,0.0011200000000000376,1,True
6000,ISF,549,0.15324134484970053,0.15212134484970055,0.0011199999999999821,1,True
6001,DBL,599,0.14480211850246513,0.14348211850246512,0.0013200000000000156,1,True
6001,DMM,599,0.12466530153027218,0.12334530153027216,0.0013200000000000156,1,True
6001,ISF,599,0.1553834281458501,0.15406342814585008,0.0013200000000000156,1,True
6002,DBL,599,0.14281882953769823,0.1413868295376982,0.0014320000000000166,1,True
6002,DMM,599,0.1227414369474685,0.12130943694746853,0.001431999999999975,1,True
6002,ISF,599,0.15375917484231755,0.15232717484231753,0.0014320000000000166,1,True
6003,DBL,599,0.14226849460119756,0.14114849460119758,0.0011199999999999821,1,True
6003,DMM,599,0.12218649160702341,0.12106649160702339,0.0011200000000000238,1,True
6003,ISF,599,0.15322959005287182,0.1521095900528718,0.0011200000000000099,1,True
6004,DBL,599,0.14301730155973144,0.1414353824386081,0.0015819191211233485,1,True
6004,DMM,599,0.12306544811789501,0.12148352899677166,0.0015819191211233485,1,True
6004,ISF,599,0.15406554388670726,0.15248362476558394,0.0015819191211233208,1,True
6005,DBL,599,0.14843876013180327,0.14698124301883497,0.001457517112968293,1,True
6005,DMM,599,0.12772344684414644,0.1262659297311781,0.0014575171129683484,1,True
6005,ISF,599,0.15806589384432043,0.15660837673135208,0.0014575171129683484,1,True
6006,DBL,549,0.1432090076624268,0.14223300766242683,0.0009759999999999769,1,True
6006,DMM,549,0.12302991447200101,0.12205391447200103,0.0009759999999999769,1,True
6006,ISF,549,0.15394788207350743,0.1529718820735074,0.0009760000000000324,1,True
6007,DBL,599,0.13997698815059229,0.13891298815059228,0.0010640000000000094,1,True
6007,DMM,599,0.12030350950626906,0.11923950950626906,0.0010639999999999955,1,True
6007,ISF,599,0.1516105206635473,0.1505465206635473,0.0010640000000000094,1,True
6008,DBL,549,0.14644565719025943,0.14542965719025944,0.0010159999999999891,1,True
6008,DMM,549,0.12593109545542386,0.12491509545542387,0.0010159999999999891,1,True
6008,ISF,549,0.15647539578786795,0.15545939578786794,0.0010160000000000169,1,True
6009,DBL,599,0.1423273936689621,0.14096739366896208,0.0013600000000000279,1,True
6009,DMM,599,0.12240051740308056,0.12104051740308057,0.0013599999999999862,1,True
6009,ISF,599,0.15342793839335198,0.15206793839335195,0.0013600000000000279,1,True
6010,DBL,549,0.14267215878093026,0.1415121587809303,0.0011599999999999666,1,True
6010,DMM,549,0.12269791078297802,0.12153791078297804,0.0011599999999999805,1,True
6010,ISF,549,0.15368976408318177,0.1525297640831818,0.0011599999999999666,1,True
6011,DBL,599,0.14271488195177623,0.14167488195177622,0.0010400000000000131,1,True
6011,DMM,599,0.12280802156423185,0.12176802156423186,0.0010399999999999854,1,True
6011,ISF,599,0.15373898985852233,0.15269898985852232,0.0010400000000000131,1,True
6012,DBL,599,0.145857702493108,0.14464970249310805,0.001207999999999959,1,True
6012,DMM,599,0.12554020422395978,0.12433220422395978,0.0012080000000000007,1,True
6012,ISF,599,0.1561683931172293,0.15496039311722934,0.001207999999999959,1,True
6013,DBL,549,0.140671124402864,0.13957512440286401,0.0010959999999999859,1,True
6013,DMM,549,0.12104321517330774,0.11994721517330774,0.0010959999999999998,1,True
6013,ISF,549,0.15222750420110293,0.1511315042011029,0.0010960000000000136,1,True
6014,DBL,549,0.14242296892482723,0.14139896892482726,0.0010239999999999694,1,True
6014,DMM,549,0.12248226629975627,0.12145826629975626,0.001024000000000011,1,True
6014,ISF,549,0.1534831359829526,0.1524591359829526,0.0010239999999999971,1,True
6015,DBL,549,0.1495500622248959,0.1481006213972454,0.0014494408276505,1,True
6015,DMM,549,0.1292157058982383,0.1277662650705878,0.0014494408276505,1,True
6015,ISF,549,0.15933418158751164,0.15788474075986114,0.0014494408276505,1,True
6016,DBL,499,0.1429381744327082,0.14187417443270822,0.0010639999999999816,1,True
6016,DMM,499,0.12299793180349385,0.12193393180349385,0.0010639999999999955,1,True
6016,ISF,499,0.15391810966381883,0.15285410966381885,0.0010639999999999816,1,True
6017,DBL,549,0.14547414451148485,0.14445014451148486,0.0010239999999999971,1,True
6017,DMM,549,0.12503813909525993,0.12401413909525992,0.001024000000000011,1,True
6017,ISF,549,0.15571940314283267,0.15469540314283267,0.0010239999999999971,1,True
6018,DBL,599,0.14285720051818873,0.14166520051818876,0.0011919999999999709,1,True
6018,DMM,599,0.12289385958600603,0.12170185958600602,0.0011920000000000125,1,True
6018,ISF,599,0.1538476262660184,0.15265562626601836,0.0011920000000000264,1,True
6019,DBL,599,0.14411025512945064,0.14289425512945061,0.0012160000000000226,1,True
6019,DMM,599,0.12383213887046382,0.1226161388704638,0.0012160000000000226,1,True
6019,ISF,599,0.15467499855346806,0.15345899855346803,0.0012160000000000226,1,True
6020,DBL,599,0.1439803609804288,0.14268105109603582,0.001299309884392974,1,True
6020,DMM,599,0.12401034922437486,0.12271103933998187,0.0012993098843929879,1,True
6020,ISF,599,0.1549012112703721,0.15360190138597912,0.001299309884392974,1,True
6021,DBL,599,0.14626243419199636,0.14518243419199636,0.0010799999999999976,1,True
6021,DMM,599,0.12616798750505373,0.12508798750505373,0.0010799999999999976,1,True
6021,ISF,599,0.15668889077521908,0.15560889077521908,0.0010799999999999976,1,True
6022,DBL,649,0.1443723671666241,0.1432843671666241,0.0010880000000000056,1,True
6022,DMM,649,0.12420873168217435,0.12312073168217433,0.0010880000000000195,1,True
6022,ISF,649,0.15499030885715384,0.15390230885715384,0.0010880000000000056,1,True
6023,DBL,599,0.14594899018353633,0.14498099018353633,0.0009679999999999966,1,True
6023,DMM,599,0.12535052857846066,0.12438252857846066,0.0009679999999999966,1,True
6023,ISF,599,0.1559719788190333,0.15500397881903327,0.0009680000000000244,1,True
6024,DBL,549,0.14638723018862107,0.14551523018862106,0.0008720000000000117,1,True
6024,DMM,549,0.12611557191489436,0.12524357191489435,0.0008720000000000117,1,True
6024,ISF,549,0.15656921973370155,0.15569721973370154,0.0008720000000000117,1,True
6025,DBL,649,0.14475630717662966,0.1437403071766296,0.0010160000000000446,1,True
6025,DMM,649,0.1243827124452786,0.12336671244527858,0.0010160000000000169,1,True
6025,ISF,649,0.155121592801128,0.15410559280112798,0.0010160000000000169,1,True
6026,DBL,599,0.14013843098938245,0.13901043098938248,0.0011279999999999624,1,True
6026,DMM,599,0.12044598858280418,0.1193179885828042,0.0011279999999999901,1,True
6026,ISF,599,0.15171102844960477,0.15058302844960478,0.0011279999999999901,1,True
6027,DBL,599,0.14419772262010613,0.14304572262010615,0.0011519999999999864,1,True
6027,DMM,599,0.12389503508892202,0.12274303508892205,0.0011519999999999725,1,True
6027,ISF,599,0.1547212463075365,0.1535692463075365,0.0011520000000000141,1,True
6028,DBL,599,0.14495506726571372,0.14393106726571372,0.0010239999999999971,1,True
6028,DMM,599,0.12472245051900792,0.12369845051900791,0.001024000000000011,1,True
6028,ISF,599,0.15542336891263234,0.15439936891263234,0.0010239999999999971,1,True
6029,DBL,599,0.14324831250710668,0.14172031250710668,0.0015280000000000016,1,True
6029,DMM,599,0.12309388265001714,0.12156588265001714,0.0015280000000000016,1,True
6029,ISF,599,0.1540562611868208,0.15252826118682078,0.0015280000000000293,1,True
