level_index,level,seed,theoretical_effective_mean,framework,terminal_E_GMI,terminal_success_rate
0,low,8000,0.16666666666666666,DBL,0.05213106286277336,0.0524
0,low,8000,0.16666666666666666,DMM,0.04530098495653868,0.0524
0,low,8000,0.16666666666666666,ISF,0.05702607031576317,0.0524
0,low,8001,0.16666666666666666,DBL,0.052267197355674304,0.055200000000000006
0,low,8001,0.16666666666666666,DMM,0.04547817457610577,0.055200000000000006
0,low,8001,0.16666666666666666,ISF,0.05714812005302004,0.055200000000000006
0,low,8002,0.16666666666666666,DBL,0.052496331449047036,0.047200000000000006
0,low,8002,0.16666666666666666,DMM,0.04567142584067266,0.047200000000000006
0,low,8002,0.16666666666666666,ISF,0.05740644873366619,0.047200000000000006
0,low,8003,0.16666666666666666,DBL,0.05242520846256122,0.048
0,low,8003,0.16666666666666666,DMM,0.04562509592118731,0.048
0,low,8003,0.16666666666666666,ISF,0.0573005582434244,0.048
0,low,8004,0.16666666666666666,DBL,0.052358053156310314,0.0432
0,low,8004,0.16666666666666666,DMM,0.04562668380307645,0.0432
0,low,8004,0.16666666666666666,ISF,0.05718691339691694,0.0432
0,low,8005,0.16666666666666666,DBL,0.052380741086248024,0.048400000000000006
0,low,8005,0.16666666666666666,DMM,0.045564970771932244,0.048400000000000006
0,low,8005,0.16666666666666666,ISF,0.057220490209820625,0.048400000000000006
0,low,8006,0.16666666666666666,DBL,0.052458661566951316,0.055999999999999994
0,low,8006,0.16666666666666666,DMM,0.04564166998440857,0.055999999999999994
0,low,8006,0.16666666666666666,ISF,0.05769531436395736,0.055999999999999994
0,low,8007,0.16666666666666666,DBL,0.05238993198579707,0.042800000000000005
0,low,8007,0.16666666666666666,DMM,0.04559935950444806,0.042800000000000005
0,low,8007,0.16666666666666666,ISF,0.05723780909850754,0.042800000000000005
0,low,8008,0.16666666666666666,DBL,0.05248690911255743,0.049600000000000005
0,low,8008,0.16666666666666666,DMM,0.04558701900921576,0.049600000000000005
0,low,8008,0.16666666666666666,ISF,0.05723127925654099,0.049600000000000005
0,low,8009,0.16666666666666666,DBL,0.05195550526487481,0.0572
0,low,8009,0.16666666666666666,DMM,0.045142190458768106,0.0572
0,low,8009,0.16666666666666666,ISF,0.05685512721818691,0.0572
0,low,8010,0.16666666666666666,DBL,0.05218039710842319,0.04680000000000001
0,low,8010,0.16666666666666666,DMM,0.04537199484448442,0.04680000000000001
0,low,8010,0.16666666666666666,ISF,0.05704671234203357,0.04680000000000001
0,low,8011,0.16666666666666666,DBL,0.051896390369915266,0.046400000000000004
0,low,8011,0.16666666666666666,DMM,0.04514354254410387,0.046400000000000004
0,low,8011,0.16666666666666666,ISF,0.05681505548610711,0.046400000000000004
0,low,8012,0.16666666666666666,DBL,0.052245629454717425,0.0572
0,low,8012,0.16666666666666666,DMM,0.04551260819989281,0.0572
0,low,8012,0.16666666666666666,ISF,0.057233635316033045,0.0572
0,low,8013,0.16666666666666666,DBL,0.05192301533780576,0.04920000000000001
0,low,8013,0.16666666666666666,DMM,0.045128806029451816,0.04920000000000001
0,low,8013,0.16666666666666666,ISF,0.0567905261569196,0.04920000000000001
0,low,8014,0.16666666666666666,DBL,0.052384409904082385,0.0524
0,low,8014,0.16666666666666666,DMM,0.045560315283176556,0.0524
0,low,8014,0.16666666666666666,ISF,0.057164334260281925,0.0524
0,low,8015,0.16666666666666666,DBL,0.052558058991850176,0.047599999999999996
0,low,8015,0.16666666666666666,DMM,0.045634449766422856,0.047599999999999996
0,low,8015,0.16666666666666666,ISF,0.05724025772612,0.047599999999999996
0,low,8016,0.16666666666666666,DBL,0.052307339561585835,0.0504
0,low,8016,0.16666666666666666,DMM,0.04547902087582578,0.0504
0,low,8016,0.16666666666666666,ISF,0.057090093959853705,0.0504
0,low,8017,0.16666666666666666,DBL,0.052730868216909456,0.0572
0,low,8017,0.16666666666666666,DMM,0.04590239953225654,0.0572
0,low,8017,0.16666666666666666,ISF,0.057498248566974774,0.0572
0,low,8018,0.16666666666666666,DBL,0.052598771494629395,0.04879999999999999
0,low,8018,0.16666666666666666,DMM,0.04576520803771672,0.04879999999999999
0,low,8018,0.16666666666666666,ISF,0.057439879390466755,0.04879999999999999
0,low,8019,0.16666666666666666,DBL,0.05208968210650919,0.04680000000000001
0,low,8019,0.16666666666666666,DMM,0.045292806626314804,0.04680000000000001
0,low,8019,0.16666666666666666,ISF,0.05689728750203878,0.04680000000000001
0,low,8020,0.16666666666666666,DBL,0.051815828627336885,0.0424
0,low,8020,0.16666666666666666,DMM,0.04503417249578891,0.0424
0,low,8020,0.16666666666666666,ISF,0.056717291479322085,0.0424
0,low,8021,0.16666666666666666,DBL,0.05195951050099107,0.044000000000000004
0,low,8021,0.16666666666666666,DMM,0.04518607933305084,0.044000000000000004
0,low,8021,0.16666666666666666,ISF,0.05691722546985394,0.044000000000000004
0,low,8022,0.16666666666666666,DBL,0.052083424903382955,0.0544
0,low,8022,0.16666666666666666,DMM,0.04531336253735728,0.0544
0,low,8022,0.16666666666666666,ISF,0.05713462700147107,0.0544
0,low,8023,0.16666666666666666,DBL,0.053301797598770406,0.0528
0,low,8023,0.16666666666666666,DMM,0.04646339325449571,0.0528
0,low,8023,0.16666666666666666,ISF,0.05794519669063838,0.0528
0,low,8024,0.16666666666666666,DBL,0.052430107624315235,0.0572
0,low,8024,0.16666666666666666,DMM,0.04566184475145458,0.0572
0,low,8024,0.16666666666666666,ISF,0.05734681324655555,0.0572
0,low,8025,0.16666666666666666,DBL,0.05270540833452783,0.044800000000000006
0,low,8025,0.16666666666666666,DMM,0.045829061662512764,0.044800000000000006
0,low,8025,0.16666666666666666,ISF,0.05749588658427819,0.044800000000000006
0,low,8026,0.16666666666666666,DBL,0.052326331868692184,0.0508
0,low,8026,0.16666666666666666,DMM,0.045535443307805006,0.0508
0,low,8026,0.16666666666666666,ISF,0.057234629533484335,0.0508
0,low,8027,0.16666666666666666,DBL,0.05242149337412973,0.048400000000000006
0,low,8027,0.16666666666666666,DMM,0.04563297826870691,0.048400000000000006
0,low,8027,0.16666666666666666,ISF,0.05715130100364962,0.048400000000000006
0,low,8028,0.16666666666666666,DBL,0.05274182226719775,0.056400000000000006
0,low,8028,0.16666666666666666,DMM,0.04593594552253494,0.056400000000000006
0,low,8028,0.16666666666666666,ISF,0.05754497554925151,0.056400000000000006
0,low,8029,0.16666666666666666,DBL,0.05258700912604941,0.052000000000000005
0,low,8029,0.16666666666666666,DMM,0.04586615851800833,0.052000000000000005
0,low,8029,0.16666666666666666,ISF,0.05762051813282504,0.052000000000000005
1,low_moderate,8000,0.3333333333333333,DBL,0.10899060435444106,0.1084
1,low_moderate,8000,0.3333333333333333,DMM,0.09472465304012216,0.1084
1,low_moderate,8000,0.3333333333333333,ISF,0.1173536750022325,0.1084
1,low_moderate,8001,0.3333333333333333,DBL,0.10742162151689923,0.1008
1,low_moderate,8001,0.3333333333333333,DMM,0.09337501152550268,0.1008
1,low_moderate,8001,0.3333333333333333,ISF,0.11617428812084485,0.1008
1,low_moderate,8002,0.3333333333333333,DBL,0.1131100491697653,0.0992
1,low_moderate,8002,0.3333333333333333,DMM,0.09915041494022471,0.0992
1,low_moderate,8002,0.3333333333333333,ISF,0.12138383789301535,0.0992
1,low_moderate,8003,0.3333333333333333,DBL,0.11123635477060946,0.10959999999999999
1,low_moderate,8003,0.3333333333333333,DMM,0.0972592666135723,0.10959999999999999
1,low_moderate,8003,0.3333333333333333,ISF,0.11967172896702319,0.10959999999999999
1,low_moderate,8004,0.3333333333333333,DBL,0.11359625335253731,0.1188
1,low_moderate,8004,0.3333333333333333,DMM,0.09946219317769696,0.1188
1,low_moderate,8004,0.3333333333333333,ISF,0.12166122434580647,0.1188
1,low_moderate,8005,0.3333333333333333,DBL,0.11188264597834272,0.11
1,low_moderate,8005,0.3333333333333333,DMM,0.0972684381542216,0.11
1,low_moderate,8005,0.3333333333333333,ISF,0.1195932743534414,0.11
1,low_moderate,8006,0.3333333333333333,DBL,0.11339711130839271,0.10559999999999999
1,low_moderate,8006,0.3333333333333333,DMM,0.09892910510302035,0.10559999999999999
1,low_moderate,8006,0.3333333333333333,ISF,0.1213002542668694,0.10559999999999999
1,low_moderate,8007,0.3333333333333333,DBL,0.11368919056012167,0.102
1,low_moderate,8007,0.3333333333333333,DMM,0.09964447001697976,0.102
1,low_moderate,8007,0.3333333333333333,ISF,0.12171666264153401,0.102
1,low_moderate,8008,0.3333333333333333,DBL,0.112788609487204,0.10079999999999999
1,low_moderate,8008,0.3333333333333333,DMM,0.09872576058231225,0.10079999999999999
1,low_moderate,8008,0.3333333333333333,ISF,0.12089341872618994,0.10079999999999999
1,low_moderate,8009,0.3333333333333333,DBL,0.11334815495828897,0.10880000000000001
1,low_moderate,8009,0.3333333333333333,DMM,0.09898043624355485,0.10880000000000001
1,low_moderate,8009,0.3333333333333333,ISF,0.12109948599736332,0.10880000000000001
1,low_moderate,8010,0.3333333333333333,DBL,0.11001669103095675,0.0984
1,low_moderate,8010,0.3333333333333333,DMM,0.09589983934153064,0.0984
1,low_moderate,8010,0.3333333333333333,ISF,0.11830997673190724,0.0984
1,low_moderate,8011,0.3333333333333333,DBL,0.10939511113646114,0.1004
1,low_moderate,8011,0.3333333333333333,DMM,0.09535045204970082,0.1004
1,low_moderate,8011,0.3333333333333333,ISF,0.11803055351460755,0.1004
1,low_moderate,8012,0.3333333333333333,DBL,0.11099966301842912,0.11199999999999999
1,low_moderate,8012,0.3333333333333333,DMM,0.09676559671973861,0.11199999999999999
1,low_moderate,8012,0.3333333333333333,ISF,0.11920150615939619,0.11199999999999999
1,low_moderate,8013,0.3333333333333333,DBL,0.11123049116990302,0.10399999999999998
1,low_moderate,8013,0.3333333333333333,DMM,0.09701458286316837,0.10399999999999998
1,low_moderate,8013,0.3333333333333333,ISF,0.11930030114664396,0.10399999999999998
1,low_moderate,8014,0.3333333333333333,DBL,0.11411701506092761,0.1124
1,low_moderate,8014,0.3333333333333333,DMM,0.09986810335835679,0.1124
1,low_moderate,8014,0.3333333333333333,ISF,0.12213210325071158,0.1124
1,low_moderate,8015,0.3333333333333333,DBL,0.10887137737093167,0.09280000000000001
1,low_moderate,8015,0.3333333333333333,DMM,0.09447413877711763,0.09280000000000001
1,low_moderate,8015,0.3333333333333333,ISF,0.11721595512092835,0.09280000000000001
1,low_moderate,8016,0.3333333333333333,DBL,0.10934460215713779,0.10719999999999999
1,low_moderate,8016,0.3333333333333333,DMM,0.09490183820632998,0.10719999999999999
1,low_moderate,8016,0.3333333333333333,ISF,0.11751846902976336,0.10719999999999999
1,low_moderate,8017,0.3333333333333333,DBL,0.11146775907707596,0.1016
1,low_moderate,8017,0.3333333333333333,DMM,0.0975032598858321,0.1016
1,low_moderate,8017,0.3333333333333333,ISF,0.1198191447645217,0.1016
1,low_moderate,8018,0.3333333333333333,DBL,0.11220429526479463,0.1072
1,low_moderate,8018,0.3333333333333333,DMM,0.0984736497125909,0.1072
1,low_moderate,8018,0.3333333333333333,ISF,0.12075704166195553,0.1072
1,low_moderate,8019,0.3333333333333333,DBL,0.11113652743642957,0.09440000000000001
1,low_moderate,8019,0.3333333333333333,DMM,0.09703886600438832,0.09440000000000001
1,low_moderate,8019,0.3333333333333333,ISF,0.11954003676764068,0.09440000000000001
1,low_moderate,8020,0.3333333333333333,DBL,0.11099290968005024,0.0992
1,low_moderate,8020,0.3333333333333333,DMM,0.09670653112665552,0.0992
1,low_moderate,8020,0.3333333333333333,ISF,0.11905735313181903,0.0992
1,low_moderate,8021,0.3333333333333333,DBL,0.11013485017574538,0.10240000000000002
1,low_moderate,8021,0.3333333333333333,DMM,0.09597634393185243,0.10240000000000002
1,low_moderate,8021,0.3333333333333333,ISF,0.11843032029497008,0.10240000000000002
1,low_moderate,8022,0.3333333333333333,DBL,0.11650100237359066,0.12440000000000001
1,low_moderate,8022,0.3333333333333333,DMM,0.1022273497621959,0.12440000000000001
1,low_moderate,8022,0.3333333333333333,ISF,0.12409999905643017,0.12440000000000001
1,low_moderate,8023,0.3333333333333333,DBL,0.11095324445818236,0.11239999999999999
1,low_moderate,8023,0.3333333333333333,DMM,0.09667820426464464,0.11239999999999999
1,low_moderate,8023,0.3333333333333333,ISF,0.11915705135909503,0.11239999999999999
1,low_moderate,8024,0.3333333333333333,DBL,0.11393329298784206,0.1032
1,low_moderate,8024,0.3333333333333333,DMM,0.09970865427332334,0.1032
1,low_moderate,8024,0.3333333333333333,ISF,0.12194034221425505,0.1032
1,low_moderate,8025,0.3333333333333333,DBL,0.11431578084029156,0.1032
1,low_moderate,8025,0.3333333333333333,DMM,0.09976696350678091,0.1032
1,low_moderate,8025,0.3333333333333333,ISF,0.1217584300832009,0.1032
1,low_moderate,8026,0.3333333333333333,DBL,0.11293593388080439,0.10959999999999999
1,low_moderate,8026,0.3333333333333333,DMM,0.09861360005652711,0.10959999999999999
1,low_moderate,8026,0.3333333333333333,ISF,0.12071271781748656,0.10959999999999999
1,low_moderate,8027,0.3333333333333333,DBL,0.11270551756093417,0.09960000000000001
1,low_moderate,8027,0.3333333333333333,DMM,0.09902878509098663,0.09960000000000001
1,low_moderate,8027,0.3333333333333333,ISF,0.12091805979358437,0.09960000000000001
1,low_moderate,8028,0.3333333333333333,DBL,0.11534748017414787,0.10120000000000001
1,low_moderate,8028,0.3333333333333333,DMM,0.10145120103191572,0.10120000000000001
1,low_moderate,8028,0.3333333333333333,ISF,0.12353120449267115,0.10120000000000001
1,low_moderate,8029,0.3333333333333333,DBL,0.11461962810628573,0.10880000000000001
1,low_moderate,8029,0.3333333333333333,DMM,0.10069045187047332,0.10880000000000001
1,low_moderate,8029,0.3333333333333333,ISF,0.12255019254011845,0.10880000000000001
2,neutral,8000,0.5,DBL,0.2525108834127381,0.23639999999999997
2,neutral,8000,0.5,DMM,0.23375363859787776,0.23639999999999997
2,neutral,8000,0.5,ISF,0.2572268430207114,0.23639999999999997
2,neutral,8001,0.5,DBL,0.2577106407498025,0.228
2,neutral,8001,0.5,DMM,0.24037976056571173,0.228
2,neutral,8001,0.5,ISF,0.2624755089380049,0.228
2,neutral,8002,0.5,DBL,0.2780878495688653,0.24559999999999998
2,neutral,8002,0.5,DMM,0.2608992141664238,0.24559999999999998
2,neutral,8002,0.5,ISF,0.28156634340657094,0.24559999999999998
2,neutral,8003,0.5,DBL,0.266834807568889,0.23800000000000002
2,neutral,8003,0.5,DMM,0.25028975709157064,0.23800000000000002
2,neutral,8003,0.5,ISF,0.2714504643644483,0.23800000000000002
2,neutral,8004,0.5,DBL,0.27407096050921437,0.2664
2,neutral,8004,0.5,DMM,0.2560748097051573,0.2664
2,neutral,8004,0.5,ISF,0.27808203280481897,0.2664
2,neutral,8005,0.5,DBL,0.253780105221631,0.23399999999999999
2,neutral,8005,0.5,DMM,0.23447081296785088,0.23399999999999999
2,neutral,8005,0.5,ISF,0.2581639711959758,0.23399999999999999
2,neutral,8006,0.5,DBL,0.26732591292456137,0.2404
2,neutral,8006,0.5,DMM,0.2495908757612787,0.2404
2,neutral,8006,0.5,ISF,0.2711788386268387,0.2404
2,neutral,8007,0.5,DBL,0.26927740374391773,0.24559999999999998
2,neutral,8007,0.5,DMM,0.25132296708424984,0.24559999999999998
2,neutral,8007,0.5,ISF,0.27259391130909866,0.24559999999999998
2,neutral,8008,0.5,DBL,0.25928338718322624,0.23520000000000002
2,neutral,8008,0.5,DMM,0.24116517786125904,0.23520000000000002
2,neutral,8008,0.5,ISF,0.2636379613968969,0.23520000000000002
2,neutral,8009,0.5,DBL,0.2543464438440007,0.22599999999999998
2,neutral,8009,0.5,DMM,0.23552444285423974,0.22599999999999998
2,neutral,8009,0.5,ISF,0.2588504588093108,0.22599999999999998
2,neutral,8010,0.5,DBL,0.251857933537752,0.2112
2,neutral,8010,0.5,DMM,0.2326077365564243,0.2112
2,neutral,8010,0.5,ISF,0.25612859520703624,0.2112
2,neutral,8011,0.5,DBL,0.2531429731981424,0.22759999999999997
2,neutral,8011,0.5,DMM,0.23496785830885492,0.22759999999999997
2,neutral,8011,0.5,ISF,0.25815087678428983,0.22759999999999997
2,neutral,8012,0.5,DBL,0.25884176359453387,0.2508000000000001
2,neutral,8012,0.5,DMM,0.23907881437360756,0.2508000000000001
2,neutral,8012,0.5,ISF,0.26272356731933205,0.2508000000000001
2,neutral,8013,0.5,DBL,0.26463427708542214,0.24599999999999997
2,neutral,8013,0.5,DMM,0.24646505130265683,0.24599999999999997
2,neutral,8013,0.5,ISF,0.2688736921283927,0.24599999999999997
2,neutral,8014,0.5,DBL,0.2734008739901478,0.25120000000000003
2,neutral,8014,0.5,DMM,0.2558527553073078,0.25120000000000003
2,neutral,8014,0.5,ISF,0.27689070033963376,0.25120000000000003
2,neutral,8015,0.5,DBL,0.25154544383379757,0.21840000000000004
2,neutral,8015,0.5,DMM,0.23269330138319477,0.21840000000000004
2,neutral,8015,0.5,ISF,0.2558836722317312,0.21840000000000004
2,neutral,8016,0.5,DBL,0.2553884875600771,0.2328
2,neutral,8016,0.5,DMM,0.2371740260550398,0.2328
2,neutral,8016,0.5,ISF,0.26042370673681103,0.2328
2,neutral,8017,0.5,DBL,0.26401762080833824,0.25160000000000005
2,neutral,8017,0.5,DMM,0.246930748311628,0.25160000000000005
2,neutral,8017,0.5,ISF,0.2683364891989284,0.25160000000000005
2,neutral,8018,0.5,DBL,0.2709928959355361,0.2452
2,neutral,8018,0.5,DMM,0.25424552941659934,0.2452
2,neutral,8018,0.5,ISF,0.27540994071390573,0.2452
2,neutral,8019,0.5,DBL,0.2614865014669315,0.2348
2,neutral,8019,0.5,DMM,0.2440676013062278,0.2348
2,neutral,8019,0.5,ISF,0.26604224243914554,0.2348
2,neutral,8020,0.5,DBL,0.2524228050451256,0.21639999999999998
2,neutral,8020,0.5,DMM,0.2344204903846479,0.21639999999999998
2,neutral,8020,0.5,ISF,0.2581832680147587,0.21639999999999998
2,neutral,8021,0.5,DBL,0.26968256257776213,0.23879999999999998
2,neutral,8021,0.5,DMM,0.25331527685846233,0.23879999999999998
2,neutral,8021,0.5,ISF,0.27403025085777977,0.23879999999999998
2,neutral,8022,0.5,DBL,0.265779371599337,0.2456
2,neutral,8022,0.5,DMM,0.24781680038994736,0.2456
2,neutral,8022,0.5,ISF,0.2698713264052704,0.2456
2,neutral,8023,0.5,DBL,0.2631170438539081,0.23199999999999998
2,neutral,8023,0.5,DMM,0.24563118832340142,0.23199999999999998
2,neutral,8023,0.5,ISF,0.26752456603026586,0.23199999999999998
2,neutral,8024,0.5,DBL,0.2679386762582873,0.2304
2,neutral,8024,0.5,DMM,0.2505685005804821,0.2304
2,neutral,8024,0.5,ISF,0.27249140023607016,0.2304
2,neutral,8025,0.5,DBL,0.26372632661279377,0.2368
2,neutral,8025,0.5,DMM,0.24622260155830106,0.2368
2,neutral,8025,0.5,ISF,0.2677912156835606,0.2368
2,neutral,8026,0.5,DBL,0.2825474152449727,0.2584
2,neutral,8026,0.5,DMM,0.266190900475475,0.2584
2,neutral,8026,0.5,ISF,0.2856403190804838,0.2584
2,neutral,8027,0.5,DBL,0.25847126073895155,0.2236
2,neutral,8027,0.5,DMM,0.24035809889485063,0.2236
2,neutral,8027,0.5,ISF,0.2625596351336125,0.2236
2,neutral,8028,0.5,DBL,0.26476622339212985,0.2324
2,neutral,8028,0.5,DMM,0.24750987753609088,0.2324
2,neutral,8028,0.5,ISF,0.26962274398129676,0.2324
2,neutral,8029,0.5,DBL,0.2791694274218118,0.2548
2,neutral,8029,0.5,DMM,0.2623869340915076,0.2548
2,neutral,8029,0.5,ISF,0.2826029977961744,0.2548
3,high_moderate,8000,0.6666666666666666,DBL,0.5270019822353579,0.5056
3,high_moderate,8000,0.6666666666666666,DMM,0.513560340213622,0.5056
3,high_moderate,8000,0.6666666666666666,ISF,0.5241353041742037,0.5056
3,high_moderate,8001,0.6666666666666666,DBL,0.5282768257211419,0.5004
3,high_moderate,8001,0.6666666666666666,DMM,0.5154705619494403,0.5004
3,high_moderate,8001,0.6666666666666666,ISF,0.5254094120253883,0.5004
3,high_moderate,8002,0.6666666666666666,DBL,0.5433230009953764,0.5004
3,high_moderate,8002,0.6666666666666666,DMM,0.532084806118299,0.5004
3,high_moderate,8002,0.6666666666666666,ISF,0.5401710697952568,0.5004
3,high_moderate,8003,0.6666666666666666,DBL,0.5550020108514854,0.5492000000000001
3,high_moderate,8003,0.6666666666666666,DMM,0.5453921995784294,0.5492000000000001
3,high_moderate,8003,0.6666666666666666,ISF,0.5520724002984039,0.5492000000000001
3,high_moderate,8004,0.6666666666666666,DBL,0.5425166735795104,0.498
3,high_moderate,8004,0.6666666666666666,DMM,0.5302445982699443,0.498
3,high_moderate,8004,0.6666666666666666,ISF,0.5393716432434796,0.498
3,high_moderate,8005,0.6666666666666666,DBL,0.5369503533773714,0.496
3,high_moderate,8005,0.6666666666666666,DMM,0.5240994012286146,0.496
3,high_moderate,8005,0.6666666666666666,ISF,0.5335425180867857,0.496
3,high_moderate,8006,0.6666666666666666,DBL,0.5370466120590247,0.4980000000000001
3,high_moderate,8006,0.6666666666666666,DMM,0.5251739563560734,0.4980000000000001
3,high_moderate,8006,0.6666666666666666,ISF,0.5340458743567502,0.4980000000000001
3,high_moderate,8007,0.6666666666666666,DBL,0.5420799408310512,0.49479999999999996
3,high_moderate,8007,0.6666666666666666,DMM,0.5301968420256745,0.49479999999999996
3,high_moderate,8007,0.6666666666666666,ISF,0.5385308158400551,0.49479999999999996
3,high_moderate,8008,0.6666666666666666,DBL,0.5264156564648296,0.504
3,high_moderate,8008,0.6666666666666666,DMM,0.513587037019119,0.504
3,high_moderate,8008,0.6666666666666666,ISF,0.5233534160867248,0.504
3,high_moderate,8009,0.6666666666666666,DBL,0.5351097459898383,0.4844000000000001
3,high_moderate,8009,0.6666666666666666,DMM,0.5227180454872034,0.4844000000000001
3,high_moderate,8009,0.6666666666666666,ISF,0.5326686021645992,0.4844000000000001
3,high_moderate,8010,0.6666666666666666,DBL,0.5263811334063515,0.5068
3,high_moderate,8010,0.6666666666666666,DMM,0.5126807276379851,0.5068
3,high_moderate,8010,0.6666666666666666,ISF,0.5231164003715495,0.5068
3,high_moderate,8011,0.6666666666666666,DBL,0.5468260443186379,0.5148
3,high_moderate,8011,0.6666666666666666,DMM,0.5351991525918077,0.5148
3,high_moderate,8011,0.6666666666666666,ISF,0.5433970254868912,0.5148
3,high_moderate,8012,0.6666666666666666,DBL,0.5352830629795315,0.5071999999999999
3,high_moderate,8012,0.6666666666666666,DMM,0.522686048764566,0.5071999999999999
3,high_moderate,8012,0.6666666666666666,ISF,0.5322656067758734,0.5071999999999999
3,high_moderate,8013,0.6666666666666666,DBL,0.5467952496224764,0.5
3,high_moderate,8013,0.6666666666666666,DMM,0.5351821210776191,0.5
3,high_moderate,8013,0.6666666666666666,ISF,0.54391036397583,0.5
3,high_moderate,8014,0.6666666666666666,DBL,0.5387294815725615,0.48560000000000003
3,high_moderate,8014,0.6666666666666666,DMM,0.5264811863736059,0.48560000000000003
3,high_moderate,8014,0.6666666666666666,ISF,0.5354112960749094,0.48560000000000003
3,high_moderate,8015,0.6666666666666666,DBL,0.5314457059753723,0.4892
3,high_moderate,8015,0.6666666666666666,DMM,0.5186155016942766,0.4892
3,high_moderate,8015,0.6666666666666666,ISF,0.5286193095525221,0.4892
3,high_moderate,8016,0.6666666666666666,DBL,0.544172957940891,0.522
3,high_moderate,8016,0.6666666666666666,DMM,0.5320488641110301,0.522
3,high_moderate,8016,0.6666666666666666,ISF,0.5407811479075805,0.522
3,high_moderate,8017,0.6666666666666666,DBL,0.5454452840616286,0.53
3,high_moderate,8017,0.6666666666666666,DMM,0.5339873065214489,0.53
3,high_moderate,8017,0.6666666666666666,ISF,0.541893489313402,0.53
3,high_moderate,8018,0.6666666666666666,DBL,0.5290748111332313,0.48960000000000004
3,high_moderate,8018,0.6666666666666666,DMM,0.5174808142654432,0.48960000000000004
3,high_moderate,8018,0.6666666666666666,ISF,0.526661352041874,0.48960000000000004
3,high_moderate,8019,0.6666666666666666,DBL,0.545330449512628,0.5024000000000001
3,high_moderate,8019,0.6666666666666666,DMM,0.5347455802017598,0.5024000000000001
3,high_moderate,8019,0.6666666666666666,ISF,0.5420354499314723,0.5024000000000001
3,high_moderate,8020,0.6666666666666666,DBL,0.5319463629303671,0.5028
3,high_moderate,8020,0.6666666666666666,DMM,0.5215964124538865,0.5028
3,high_moderate,8020,0.6666666666666666,ISF,0.5293682331585675,0.5028
3,high_moderate,8021,0.6666666666666666,DBL,0.5374666312984823,0.5168
3,high_moderate,8021,0.6666666666666666,DMM,0.5264854123848677,0.5168
3,high_moderate,8021,0.6666666666666666,ISF,0.5344950340352514,0.5168
3,high_moderate,8022,0.6666666666666666,DBL,0.5520435110332977,0.512
3,high_moderate,8022,0.6666666666666666,DMM,0.5408479271654062,0.512
3,high_moderate,8022,0.6666666666666666,ISF,0.548693425951598,0.512
3,high_moderate,8023,0.6666666666666666,DBL,0.5218809705980493,0.4768
3,high_moderate,8023,0.6666666666666666,DMM,0.5097915675612529,0.4768
3,high_moderate,8023,0.6666666666666666,ISF,0.5192433472979604,0.4768
3,high_moderate,8024,0.6666666666666666,DBL,0.5426178720841539,0.514
3,high_moderate,8024,0.6666666666666666,DMM,0.5305225464772004,0.514
3,high_moderate,8024,0.6666666666666666,ISF,0.5390422169520486,0.514
3,high_moderate,8025,0.6666666666666666,DBL,0.5388813040252901,0.5136000000000001
3,high_moderate,8025,0.6666666666666666,DMM,0.527235002204836,0.5136000000000001
3,high_moderate,8025,0.6666666666666666,ISF,0.5353136632757206,0.5136000000000001
3,high_moderate,8026,0.6666666666666666,DBL,0.5426691272093703,0.5048000000000001
3,high_moderate,8026,0.6666666666666666,DMM,0.5317207319951724,0.5048000000000001
3,high_moderate,8026,0.6666666666666666,ISF,0.5392731779486367,0.5048000000000001
3,high_moderate,8027,0.6666666666666666,DBL,0.5389734185158848,0.5044000000000001
3,high_moderate,8027,0.6666666666666666,DMM,0.5270076464868998,0.5044000000000001
3,high_moderate,8027,0.6666666666666666,ISF,0.5357416812353153,0.5044000000000001
3,high_moderate,8028,0.6666666666666666,DBL,0.5517019561739924,0.502
3,high_moderate,8028,0.6666666666666666,DMM,0.5401591137523171,0.502
3,high_moderate,8028,0.6666666666666666,ISF,0.5478647844833047,0.502
3,high_moderate,8029,0.6666666666666666,DBL,0.5373731571521941,0.4968
3,high_moderate,8029,0.6666666666666666,DMM,0.5248897511899404,0.4968
3,high_moderate,8029,0.6666666666666666,ISF,0.5343118791736273,0.4968
4,high,8000,0.8333333333333334,DBL,0.8291715807944005,0.8172000000000001
4,high,8000,0.8333333333333334,DMM,0.8244706304225292,0.8172000000000001
4,high,8000,0.8333333333333334,ISF,0.8216007329168528,0.8172000000000001
4,high,8001,0.8333333333333334,DBL,0.8313975329496159,0.8192
4,high,8001,0.8333333333333334,DMM,0.8268377862149741,0.8192
4,high,8001,0.8333333333333334,ISF,0.8237099675953558,0.8192
4,high,8002,0.8333333333333334,DBL,0.8361122546486252,0.8212
4,high,8002,0.8333333333333334,DMM,0.8318241775104304,0.8212
4,high,8002,0.8333333333333334,ISF,0.8281077501027662,0.8212
4,high,8003,0.8333333333333334,DBL,0.8309060715895393,0.8232
4,high,8003,0.8333333333333334,DMM,0.8264578331269832,0.8232
4,high,8003,0.8333333333333334,ISF,0.8232743027666537,0.8232
4,high,8004,0.8333333333333334,DBL,0.8257463870359655,0.8091999999999999
4,high,8004,0.8333333333333334,DMM,0.8210833990407128,0.8091999999999999
4,high,8004,0.8333333333333334,ISF,0.8180298838010827,0.8091999999999999
4,high,8005,0.8333333333333334,DBL,0.8263670270479787,0.8124000000000001
4,high,8005,0.8333333333333334,DMM,0.8213368372744809,0.8124000000000001
4,high,8005,0.8333333333333334,ISF,0.8187454166389678,0.8124000000000001
4,high,8006,0.8333333333333334,DBL,0.8252577466541382,0.8031999999999999
4,high,8006,0.8333333333333334,DMM,0.820176210067353,0.8031999999999999
4,high,8006,0.8333333333333334,ISF,0.8176327352076178,0.8031999999999999
4,high,8007,0.8333333333333334,DBL,0.8231212290982824,0.796
4,high,8007,0.8333333333333334,DMM,0.8181597500349537,0.796
4,high,8007,0.8333333333333334,ISF,0.8158337448493802,0.796
4,high,8008,0.8333333333333334,DBL,0.8271126103323296,0.8072
4,high,8008,0.8333333333333334,DMM,0.8225052377295438,0.8072
4,high,8008,0.8333333333333334,ISF,0.8193431064630543,0.8072
4,high,8009,0.8333333333333334,DBL,0.833916821563663,0.8131999999999999
4,high,8009,0.8333333333333334,DMM,0.829213837984191,0.8131999999999999
4,high,8009,0.8333333333333334,ISF,0.8260873620657658,0.8131999999999999
4,high,8010,0.8333333333333334,DBL,0.8374575454462486,0.8284
4,high,8010,0.8333333333333334,DMM,0.8333104887326936,0.8284
4,high,8010,0.8333333333333334,ISF,0.8294741243322099,0.8284
4,high,8011,0.8333333333333334,DBL,0.8204654539489737,0.806
4,high,8011,0.8333333333333334,DMM,0.8152207800630634,0.806
4,high,8011,0.8333333333333334,ISF,0.8130479536628648,0.806
4,high,8012,0.8333333333333334,DBL,0.8324054725135117,0.8248000000000001
4,high,8012,0.8333333333333334,DMM,0.8283128510883411,0.8248000000000001
4,high,8012,0.8333333333333334,ISF,0.8247870829672282,0.8248000000000001
4,high,8013,0.8333333333333334,DBL,0.8301707871941398,0.8140000000000001
4,high,8013,0.8333333333333334,DMM,0.8251160212686834,0.8140000000000001
4,high,8013,0.8333333333333334,ISF,0.822563617770443,0.8140000000000001
4,high,8014,0.8333333333333334,DBL,0.8296488497818767,0.8144000000000001
4,high,8014,0.8333333333333334,DMM,0.8241751673429962,0.8144000000000001
4,high,8014,0.8333333333333334,ISF,0.8216591850236064,0.8144000000000001
4,high,8015,0.8333333333333334,DBL,0.8353553337794334,0.8280000000000001
4,high,8015,0.8333333333333334,DMM,0.8310048107481793,0.8280000000000001
4,high,8015,0.8333333333333334,ISF,0.8277174300835699,0.8280000000000001
4,high,8016,0.8333333333333334,DBL,0.8412040766247606,0.8452
4,high,8016,0.8333333333333334,DMM,0.837259513615722,0.8452
4,high,8016,0.8333333333333334,ISF,0.8330244119345283,0.8452
4,high,8017,0.8333333333333334,DBL,0.8309979720095884,0.8175999999999999
4,high,8017,0.8333333333333334,DMM,0.8264727052334261,0.8175999999999999
4,high,8017,0.8333333333333334,ISF,0.8232651542023254,0.8175999999999999
4,high,8018,0.8333333333333334,DBL,0.8280931750922853,0.8107999999999999
4,high,8018,0.8333333333333334,DMM,0.8239075447134635,0.8107999999999999
4,high,8018,0.8333333333333334,ISF,0.8207255660348248,0.8107999999999999
4,high,8019,0.8333333333333334,DBL,0.8302748936338376,0.834
4,high,8019,0.8333333333333334,DMM,0.8252032589213374,0.834
4,high,8019,0.8333333333333334,ISF,0.8225151288287056,0.834
4,high,8020,0.8333333333333334,DBL,0.8412396423054735,0.8383999999999999
4,high,8020,0.8333333333333334,DMM,0.8370658247400299,0.8383999999999999
4,high,8020,0.8333333333333334,ISF,0.8329583617292358,0.8383999999999999
4,high,8021,0.8333333333333334,DBL,0.8294381825136047,0.8307999999999999
4,high,8021,0.8333333333333334,DMM,0.8239871669973392,0.8307999999999999
4,high,8021,0.8333333333333334,ISF,0.821542823281322,0.8307999999999999
4,high,8022,0.8333333333333334,DBL,0.8253970655069071,0.8072
4,high,8022,0.8333333333333334,DMM,0.8207498876672966,0.8072
4,high,8022,0.8333333333333334,ISF,0.8177004439382243,0.8072
4,high,8023,0.8333333333333334,DBL,0.8382441380680529,0.8436
4,high,8023,0.8333333333333334,DMM,0.834071020858386,0.8436
4,high,8023,0.8333333333333334,ISF,0.8302135461191757,0.8436
4,high,8024,0.8333333333333334,DBL,0.8300335747003497,0.8228
4,high,8024,0.8333333333333334,DMM,0.8255249392475404,0.8228
4,high,8024,0.8333333333333334,ISF,0.8221889037628383,0.8228
4,high,8025,0.8333333333333334,DBL,0.8261703806451599,0.8064
4,high,8025,0.8333333333333334,DMM,0.8208595014395469,0.8064
4,high,8025,0.8333333333333334,ISF,0.81867682598429,0.8064
4,high,8026,0.8333333333333334,DBL,0.8286169240945818,0.8096
4,high,8026,0.8333333333333334,DMM,0.8239994073752837,0.8096
4,high,8026,0.8333333333333334,ISF,0.8209460766205026,0.8096
4,high,8027,0.8333333333333334,DBL,0.8354737434502344,0.8420000000000001
4,high,8027,0.8333333333333334,DMM,0.8314566353073584,0.8420000000000001
4,high,8027,0.8333333333333334,ISF,0.8272850722842356,0.8420000000000001
4,high,8028,0.8333333333333334,DBL,0.8299680392667048,0.8352
4,high,8028,0.8333333333333334,DMM,0.825290639679762,0.8352
4,high,8028,0.8333333333333334,ISF,0.8223311913966869,0.8352
4,high,8029,0.8333333333333334,DBL,0.8256414185277208,0.8092
4,high,8029,0.8333333333333334,DMM,0.8210709216239909,0.8092
4,high,8029,0.8333333333333334,ISF,0.8181646644988243,0.8092
