population_size,seed,success_rate,volume_success_rate,mean_operational_readiness,D1,D2,D3,D4,D5,SVC,E_GMI_DBL,E_GMI_DMM,E_GMI_ISF
20,4000,0.134,0.13704109589041097,0.13031027420968866,0.3519431356729209,0.004803000000000003,0.005376000000000003,0.004866,0.28456323537552214,0.4499999999048568,0.13367926922455856,0.11489643809310528,0.14685395066262208
20,4001,0.13450000000000004,0.13317757009345793,0.1323564713686885,0.3549899975709765,0.005037000000000003,0.0063665000000000015,0.005304000000000002,0.2900848592724658,0.4499999998452228,0.135601728283614,0.11661022257831075,0.14834798542596414
20,4002,0.1285,0.13717678100263853,0.13424395122824134,0.3588130882638085,0.004540000000000003,0.005966000000000002,0.005236000000000002,0.29666466787739837,0.4500000001101583,0.13735137224756186,0.11803039956332567,0.1495774844515174
20,4003,0.1475,0.1398176291793313,0.13450104230399862,0.35888656743211583,0.005122000000000003,0.007889500000000002,0.0050300000000000015,0.29557714408787716,0.4499999999502458,0.13766651347121056,0.11844878212561076,0.14994332789023546
20,4004,0.1265,0.12421875000000002,0.13175561990305898,0.35390607399041096,0.005503000000000003,0.0061585000000000025,0.005288000000000003,0.2879225255248839,0.4500000000961788,0.13505479732633532,0.11615203934087648,0.1479633673601885
20,4005,0.1395,0.13748387096774192,0.14164309106073486,0.37251526833971893,0.006089000000000003,0.006756578296460276,0.005645000000000001,0.31720960866749526,0.4500000000612198,0.14440837404434612,0.12409979086598806,0.15492213020010737
20,4006,0.1335,0.1272750642673522,0.1302633061625392,0.3513447005100804,0.004926000000000003,0.005954500000000001,0.004929,0.28416233030261556,0.4499999998311271,0.1336224246729124,0.11489397374853155,0.14684707311539033
20,4007,0.1385,0.14242138364779877,0.13229498368123452,0.3548044183268873,0.005331000000000003,0.006880000000000002,0.0049510000000000005,0.28950850007928514,0.4499999997646944,0.1355597795936146,0.11660461204142941,0.14834413364977542
20,4008,0.141,0.1460677966101695,0.13271814923912648,0.35466968512524266,0.005125000000000002,0.007247500000000003,0.005517000000000002,0.2910315610703897,0.4499999999841734,0.13590005544186912,0.11692925805600016,0.14861499313050486
20,4009,0.13149999999999998,0.13415760869565216,0.134388753932177,0.35782536620695654,0.005778000000000003,0.006552500000000004,0.006230000000000003,0.2955579034539285,0.4499999998960634,0.13750212706982842,0.11828732898000187,0.14983296357639053
20,4010,0.1435,0.14065104166666667,0.1428585200456367,0.3730986546196716,0.005826000000000006,0.00925900000000001,0.006689000000000001,0.31941994560851195,0.4500000000497647,0.14554245549619474,0.1252710374893492,0.15591652548976198
20,4011,0.12999999999999998,0.1311711711711712,0.13435550288345008,0.3577798098639585,0.006326000000000005,0.006437500000000002,0.006081000000000003,0.2951532045532918,0.44999999992938056,0.1374868331489834,0.11827796271646589,0.14984018242105898
20,4012,0.13449999999999998,0.13329153605015673,0.12997874997281791,0.3505399536247659,0.004913000000000004,0.005686500000000001,0.005042000000000001,0.2837122962393237,0.44999999997571705,0.13332013284209002,0.11462086534616736,0.14660752034645724
20,4013,0.1285,0.1322508591065292,0.13059423054070457,0.35172586565092234,0.0043380000000000024,0.006174500000000002,0.0052780000000000014,0.2854547870526006,0.4500000000295988,0.13390778447062066,0.11514490488951498,0.14704875183840443
20,4014,0.11549999999999999,0.11825159914712154,0.13164682904965536,0.35353911548122696,0.004700000000000004,0.006308000000000003,0.005036000000000001,0.28865102976704976,0.4499999997606246,0.1348912333353642,0.1159785689779159,0.14778172604901285
20,4015,0.1265,0.1275287356321839,0.1329234832600559,0.3562668944857338,0.005555000000000004,0.005416500000000002,0.0050370000000000015,0.2923420218145457,0.44999999990613154,0.13611972689361532,0.11697885940460692,0.14868928106921453
20,4016,0.12250000000000001,0.11714714714714715,0.13160076485776137,0.353829355226165,0.005496000000000002,0.005388500000000001,0.004864,0.2884259690626418,0.44999999995503065,0.13487093416593754,0.1159160944372733,0.14775816794700025
20,4017,0.1435,0.15147843942505135,0.1346437836197664,0.3593153669290038,0.005586000000000002,0.006572000000000003,0.005272,0.296473551169828,0.4499999998934492,0.13778587440772516,0.1184805268647602,0.14999642849212852
20,4018,0.13,0.1258307210031348,0.1334996610999872,0.3573771972367338,0.004594000000000002,0.006090500000000003,0.005293,0.2941436082632022,0.4500000000325551,0.13666134054866377,0.11746519638366569,0.14908530027692252
20,4019,0.142,0.14715447154471548,0.13842550241100782,0.3608458172532746,0.005158000000000003,0.021399040686849596,0.005424000000000001,0.29930065411491497,0.4500000000428549,0.14150276056792582,0.12266280805435409,0.15349543700380183
20,4020,0.13249999999999998,0.13726470588235296,0.13377318317812256,0.35775383113548054,0.005183000000000004,0.006220000000000003,0.0053560000000000005,0.2943530847551322,0.45000000005092694,0.13694322049714003,0.1177359330204216,0.14933787470770207
20,4021,0.13649999999999998,0.13354114713216958,0.13361745894955462,0.35756418536767653,0.0052080000000000026,0.006916000000000002,0.005703000000000003,0.2926961093800966,0.4499999999894196,0.1368608627489336,0.11774375390650045,0.14934784801048692
20,4022,0.13799999999999998,0.14152905198776758,0.13611251988881426,0.3613708065798821,0.005668000000000004,0.007679000000000004,0.005348000000000003,0.30049679286418923,0.44999999999196155,0.1391562205745989,0.11971431259127677,0.1510628406015915
20,4023,0.136,0.1389173789173789,0.1331026382195955,0.356560592226588,0.005754000000000005,0.007201000000000004,0.005397000000000001,0.29060059887138956,0.44999999994760786,0.13640063788735543,0.1173817821544161,0.14904257832721732
20,4024,0.1215,0.12071641791044777,0.13142240652744955,0.35292045106510506,0.005529000000000002,0.006869500000000003,0.004384000000000001,0.2874090815721429,0.4499999999678732,0.13469797500209768,0.11585054902298021,0.1476814983670226
20,4025,0.149,0.15254491017964072,0.1363639344457929,0.36212966809274016,0.005569000000000005,0.006801500000000003,0.006432000000000002,0.30088750413622434,0.4500000000154462,0.13942604264361871,0.11993622747674974,0.15127518403371507
20,4026,0.12050000000000001,0.12059620596205961,0.13067781592288066,0.351883816083021,0.005340000000000003,0.005527500000000002,0.005193000000000001,0.2854447635313824,0.45000000018180614,0.1339997685504626,0.1152048711620305,0.14713333958792307
20,4027,0.1315,0.12748275862068964,0.13309686015616443,0.3571937982225925,0.005288000000000002,0.0063845,0.005009,0.2916090025582296,0.45000000003806323,0.13637609993938257,0.11726757591595788,0.14893595990414782
20,4028,0.14,0.14280898876404494,0.13417005617439895,0.35840544087585213,0.005178000000000003,0.006631000000000002,0.005317000000000001,0.29531883999614267,0.4500000000442501,0.13732438621838441,0.11808423779222461,0.14963817217920972
20,4029,0.13049999999999998,0.1275085324232082,0.13045168027840484,0.35157375664233664,0.005716000000000004,0.0052265,0.006178,0.2835641447496876,0.44999999995241113,0.1338521608730373,0.1151306438312766,0.1470952657986772
50,4000,0.1454,0.14733409610983983,0.1379494833030213,0.36517950233591034,0.006028000000000003,0.006856200000000003,0.006047600000000003,0.30563611417919584,0.4500000000687641,0.140926652710857,0.1211973842154038,0.1523858718919781
50,4001,0.1428,0.14039699570815448,0.13344586668055178,0.3563075211819449,0.0058696000000000035,0.007243200000000003,0.005724400000000001,0.2920846122208139,0.4499999998337528,0.1366570121286083,0.11760946412652555,0.14923740544184563
50,4002,0.12240000000000001,0.12524509803921569,0.13308275326994423,0.35610367887013283,0.005460000000000003,0.0062868,0.004779200000000001,0.29278408747958823,0.4500000001497163,0.13624873283947142,0.11712915584897983,0.14880434453695704
50,4003,0.1338,0.13830588235294117,0.14021362227042414,0.36898140744776087,0.005783600000000003,0.007285200000000004,0.006655600000000003,0.31236230390435976,0.4499999999375264,0.1430445774475942,0.12302878610703055,0.1539773918737408
50,4004,0.1328,0.1333653846153846,0.1354492360851952,0.36051463954661833,0.0050760000000000015,0.007249200000000003,0.006562400000000003,0.2978439408793577,0.450000000072785,0.13858277101855823,0.11925322960577896,0.15066484200453795
50,4005,0.1374,0.14707608695652172,0.13684167468361125,0.3626895424238527,0.005650400000000004,0.006983600000000002,0.005883200000000001,0.3030016309942034,0.45000000001708224,0.1398260702550937,0.120252343052552,0.15154151158589912
50,4006,0.13620000000000004,0.13708860759493668,0.13383130752851516,0.3573276122580243,0.005541200000000001,0.0071474000000000025,0.005289600000000001,0.2938507253845516,0.44999999990129114,0.13700515187218879,0.11786148974291154,0.14944623498018916
50,4007,0.136,0.13744483159117304,0.1353466055990581,0.3597226501342012,0.005669600000000002,0.006660400000000003,0.005965600000000003,0.29871477786108913,0.44999999990976547,0.13839699921271367,0.11902960437285497,0.15047512780392572
50,4008,0.1316,0.13260714285714284,0.13728868516927642,0.3636199671816097,0.0056476000000000035,0.007069000000000004,0.005848400000000001,0.3042584586647724,0.4500000000321702,0.1402567605951183,0.12062013581972682,0.1518628393060162
50,4009,0.13720000000000002,0.13644346871569704,0.13550453536737214,0.3596381148006485,0.006299200000000004,0.007484000000000005,0.006344000000000003,0.2977573620362122,0.4500000000175299,0.13859857300559397,0.11930294870048813,0.1507287991655039
50,4010,0.12980000000000003,0.13299526066350711,0.13680517072527265,0.36289513626864023,0.005608400000000002,0.006844000000000004,0.0057344000000000015,0.30294391735772314,0.45000000011089747,0.13980273167081855,0.12021600806202763,0.15151077900059012
50,4011,0.1454,0.14564534231200896,0.13708530335615068,0.36204537035833956,0.005940400000000004,0.01166564539511632,0.0054496,0.3003255010272974,0.450000000027808,0.1401712968227028,0.12087578849693832,0.15205275325620174
50,4012,0.1356,0.13856958762886598,0.13321492523144327,0.3562993254187128,0.006124800000000003,0.006439200000000002,0.005312,0.2918993007385035,0.4499999999868839,0.13643492646545372,0.11735277568073721,0.1490249951562813
50,4013,0.1396,0.13052205220522053,0.13528436669030183,0.3604776613058673,0.005489200000000004,0.006629000000000005,0.005597600000000001,0.2982283721456418,0.4500000000531241,0.1383968311483131,0.11901276214476782,0.15046152948105004
50,4014,0.1312,0.1327843803056027,0.13623943000910826,0.3619067722791498,0.005951200000000003,0.006204400000000002,0.005359600000000001,0.30177517776639134,0.4499999999055841,0.13924600973474616,0.11969091923337995,0.1510619122230275
50,4015,0.14220000000000002,0.12897506925207758,0.13705628036749903,0.36343238301771813,0.006472000000000005,0.006490800000000002,0.005604400000000002,0.3032818188197769,0.4500000000010772,0.1400638085773961,0.12043410252227124,0.15172809848562904
50,4016,0.1502,0.15671875000000002,0.13475261862186802,0.3593801765939046,0.005480000000000004,0.006995200000000002,0.005513200000000003,0.29639451651543547,0.45000000000151275,0.1379019016257915,0.11861873283251129,0.15011316697047575
50,4017,0.1322,0.13356573705179284,0.1401517121487178,0.3688534508577238,0.005678000000000003,0.0073146000000000036,0.006105600000000002,0.3128069098858651,0.4499999999770912,0.14295403919731067,0.12291892437500303,0.15387102115784038
50,4018,0.13880000000000003,0.1444137931034483,0.13685682102787605,0.36285907223442104,0.006263600000000004,0.006343200000000004,0.006019600000000002,0.3027986329049592,0.44999999995096884,0.13985984299434912,0.12026423184016771,0.15157695773247698
50,4019,0.1344,0.12256006006006008,0.13605837557175363,0.3613545146012395,0.005775200000000005,0.007281800000000002,0.005883600000000002,0.29999676325752855,0.4500000000239144,0.13912626313893917,0.11969466880317613,0.15105869924839224
50,4020,0.136,0.13406403940886702,0.1378123187846261,0.3648616449586978,0.006144000000000005,0.006800600000000005,0.006044800000000001,0.30521054896443267,0.4500000000526358,0.14079487358433931,0.12108562776664542,0.1522912638934464
50,4021,0.12720000000000004,0.1279801324503311,0.13549419633727822,0.3601079756539135,0.006276400000000003,0.006913800000000002,0.005568800000000002,0.29860400603247755,0.4500000000434215,0.13856939481835,0.11919596336775828,0.15063379573837263
50,4022,0.13799999999999998,0.1413341204250295,0.13400531211896055,0.35704678627157027,0.006980000000000005,0.006541400000000003,0.0056208000000000004,0.2938375743232326,0.4499999999832721,0.13716577271637745,0.11801331389853335,0.1496215546849645
50,4023,0.1364,0.1314869109947644,0.1332465096144854,0.3558002949361741,0.005483600000000002,0.006495400000000001,0.006053200000000001,0.2924000531362529,0.4500000000092893,0.13641652170448146,0.11735139126230866,0.14900650430178905
50,4024,0.1332,0.13911406423034328,0.13821667424696354,0.3655032167781985,0.005882400000000003,0.006830200000000004,0.005808000000000002,0.30705955445661925,0.4499999999153355,0.14113885736304252,0.12135134222599797,0.1525107187928352
50,4025,0.13540000000000002,0.13104545454545455,0.13702306368059233,0.3640705937547161,0.005841200000000002,0.006907800000000004,0.005494000000000002,0.3028017246482456,0.4499999999763725,0.14008650713591586,0.12046652958382703,0.15174289121340506
50,4026,0.1376,0.13751500600240096,0.13793882821250056,0.36523499032490847,0.005698400000000004,0.007042000000000001,0.005780000000000003,0.30593875073759436,0.4500000000755009,0.1409036401918663,0.12116570795999121,0.15234495314629126
50,4027,0.138,0.14072463768115942,0.13940547627416983,0.3676212654341953,0.006231600000000004,0.0064994000000000015,0.005478,0.3111971159366537,0.4499999999360284,0.1422266837490469,0.12223166830792141,0.1532857646741073
50,4028,0.13300000000000003,0.1346360582306831,0.1348053443317017,0.35925647600766175,0.005519600000000003,0.007035800000000002,0.005357200000000002,0.2968576456508466,0.4500000001776552,0.13792528584954242,0.11863043819978715,0.15011957978438253
50,4029,0.12739999999999999,0.12354417670682734,0.13586969791911072,0.36142652736929554,0.005581200000000004,0.0062378000000000025,0.005757200000000002,0.3003457622262579,0.4500000000216574,0.13892373617626258,0.11943522348839597,0.15083512169865065
200,4000,0.13909999999999997,0.1405549132947977,0.1396747081259298,0.36782180364617645,0.006377800000000005,0.007622808086623389,0.006142700000000002,0.31040842889684933,0.4500000000174956,0.14254537686339616,0.12262623621057035,0.15363386523799447
200,4001,0.1413,0.14426489388903094,0.14032349185170204,0.3698256962893909,0.006211200000000005,0.00754036644129517,0.006538000000000004,0.3115021965278242,0.44999999999471335,0.1432396668397804,0.12323220471291575,0.15417327219839097
200,4002,0.13795,0.13731272626009466,0.13800208974952022,0.36511253675066335,0.005925200000000005,0.007103619242736793,0.005853900000000003,0.30601519275420086,0.45000000004481255,0.14095695694934332,0.12122434783390686,0.15240057047858138
200,4003,0.13974999999999999,0.14200337647720876,0.13867091401820528,0.3661391585219171,0.006196100000000005,0.008017313649040242,0.005854100000000002,0.30714789792006897,0.45000000002449725,0.14162047704829772,0.12185963990099971,0.15295612422864813
200,4004,0.14220000000000002,0.14638042935596604,0.14349454841430215,0.3744509307051118,0.006881657524016429,0.010068259345359574,0.006337600000000002,0.3197342944970227,0.4500000000023946,0.14623038022470664,0.12593430584245693,0.15652111896483933
200,4005,0.14134999999999998,0.14565094096416606,0.1399311286692804,0.3685831318921076,0.005962000000000003,0.008713310075819027,0.006204932301125047,0.31019226907735026,0.45000000000840495,0.14285067181001831,0.1229600408299898,0.15391190176238584
200,4006,0.1424,0.14523281596452325,0.1410392253891579,0.37109166176633684,0.006020100000000003,0.007331657331933741,0.006623600000000003,0.31412910784751885,0.44999999998191503,0.14388735308509878,0.12375646828996047,0.15462631460259751
200,4007,0.1342,0.1335307917888563,0.13908198357837415,0.366731545823646,0.006117600000000005,0.007489575716955405,0.0060911,0.3089800963512694,0.4500000000238783,0.141969556051993,0.12211961181542373,0.15318397394563504
200,4008,0.14150000000000001,0.14104653855059043,0.1397868273385576,0.3688985391602131,0.006080300000000004,0.007214750000000004,0.005842700000000002,0.31089784753257477,0.45000000000867546,0.1426868619199395,0.12269841431915586,0.15369704258616765
200,4009,0.13675000000000004,0.13691005291005293,0.1372920608525047,0.36342508448956246,0.006079600000000005,0.0073195500000000045,0.005897500000000001,0.30373856977296115,0.4500000000050418,0.1402763865883348,0.12067220896045905,0.15191820387571278
200,4010,0.14095000000000002,0.1440386141232478,0.13890890314380422,0.3667948788947653,0.006131100000000004,0.008222560311315453,0.005533,0.3078629765129404,0.4500000000392364,0.14185549826289548,0.12205532501311693,0.1531226054964338
200,4011,0.135,0.13368867197534035,0.13738562799409965,0.36402517885089153,0.005952600000000006,0.006964600000000004,0.005773700000000001,0.3042120611196067,0.4500000000116086,0.14037628388066387,0.12072322468154892,0.1519644218832998
200,4012,0.13360000000000002,0.13295959021058623,0.13897109817942213,0.36679866740210415,0.006078200000000003,0.007502100000000003,0.0059311000000000025,0.3085454234950063,0.45000000004226715,0.14188376037477698,0.12204214364786364,0.15311655583414818
200,4013,0.13115000000000002,0.1334621369294606,0.13608838122684302,0.36170675815115527,0.005585500000000005,0.0064217000000000015,0.005949000000000002,0.30077894798305976,0.450000000024591,0.1391347717352478,0.11963604855122136,0.15101048643099615
200,4014,0.13545000000000001,0.13242483026188168,0.13737687410037036,0.36389816432722816,0.005650000000000004,0.006960150000000003,0.005893400000000002,0.3044826561746237,0.4499999999453692,0.14034764950800058,0.12069249889294503,0.15192860847744494
200,4015,0.1333,0.12910582010582008,0.13858217803911532,0.36595075614331224,0.006001300000000004,0.007506980003763871,0.005930200000000001,0.3075216540485004,0.4499999999786977,0.14150363314385592,0.12171834403825209,0.15283001263213505
200,4016,0.1343,0.13516175207557973,0.13998735773792215,0.368660946165221,0.005731400000000003,0.0074236794808966765,0.006088800000000002,0.31203196304349334,0.4499999999919553,0.14281880689400853,0.12281674279698301,0.15378416143276838
200,4017,0.138,0.14042450142450144,0.13900941965249924,0.36685399240601074,0.006254400000000005,0.007425600000000004,0.006025200000000001,0.3084879058564854,0.4499999999900708,0.1419277239799755,0.12208499503210062,0.15316062906585778
200,4018,0.13720000000000002,0.1378510028653295,0.13981125516120854,0.36859099264363115,0.006019200000000005,0.007253250000000002,0.006037400000000002,0.3111554331624117,0.4500000000154775,0.14268303313526953,0.12270151836108827,0.15369571184651518
200,4019,0.13570000000000002,0.1361217868729723,0.13866921759946257,0.3654440813168616,0.0062028000000000074,0.008851088518456715,0.005891200000000002,0.30695691816199444,0.45000000004816043,0.1415935757572059,0.1218934133135785,0.15297352578807913
200,4020,0.14015,0.14035795454545455,0.13853022989896013,0.3667644076094963,0.005888200000000003,0.007221466272040951,0.006038800000000002,0.3067382756132634,0.45000000003757995,0.1415315364987718,0.12173609065297063,0.1528564023413918
200,4021,0.13655,0.1359758389261745,0.135769223575543,0.36108159984128685,0.005646500000000003,0.006949350000000004,0.005925900000000003,0.299242768036428,0.4500000000239389,0.13886116516578592,0.11944792612945448,0.15084494677429408
200,4022,0.14145,0.14330726256983242,0.1414595598646177,0.37037570783059065,0.006034100000000003,0.012014833443374884,0.006251900000000001,0.312621258049123,0.4500000000244405,0.14434728235369107,0.1244630047150347,0.15519743406214945
200,4023,0.1317,0.13094747423975875,0.13711310331456528,0.36326330760276143,0.005787000000000006,0.006867650000000004,0.0061382000000000025,0.30350935897006504,0.45000000004351043,0.14010080074620013,0.1204950907490153,0.15176216742190987
200,4024,0.13269999999999998,0.1356294117647059,0.13863066638179775,0.3664275201414746,0.005577000000000003,0.006974950000000003,0.006009400000000002,0.3081644617675141,0.4499999999250517,0.14154381930049578,0.1217052458432261,0.15281422019755148
200,4025,0.1371,0.1390872789503708,0.14112745414612804,0.3701395008549182,0.006419200000000005,0.008840602198443084,0.006609100000000002,0.3136288676772789,0.45000000002899904,0.14395298580501004,0.12392574083698182,0.15476456738130007
200,4026,0.1384,0.1412376975842529,0.138364735808086,0.3656523063273995,0.005851700000000004,0.006822700000000004,0.006295700000000002,0.3072012727130305,0.4499999999916527,0.14128728748880445,0.12150050211759154,0.1526446085359482
200,4027,0.13505,0.13603443068559348,0.13850533868047019,0.36539143212882025,0.006056000000000005,0.008060601646276729,0.006235800000000001,0.306782859627254,0.44999999991911127,0.1414357673055485,0.12171767861871732,0.1528270527096559
200,4028,0.13585,0.13375572930709084,0.1390592954040097,0.36667488738338233,0.006063000000000005,0.008183807030266449,0.0057734000000000014,0.3086013826063997,0.4500000000647114,0.14196297064285882,0.12214750282437599,0.1531991571498409
200,4029,0.1458,0.14459816612729237,0.1435465235835224,0.375746838637197,0.006191888762207392,0.008918987471847753,0.006325900000000003,0.3205490030463597,0.45000000001927526,0.14630641536306427,0.12590081761143146,0.15649162328081392
