threshold,seed,framework,admitted_fraction,steady_E_GMI,recovery_time,success_rate
0.3,0,DBL,1.0,0.005535094065925042,,0.04776859504132232
0.3,0,DMM,1.0,0.0038620608100960793,,0.04925619834710744
0.3,0,ISF,1.0,0.07811919088943789,,0.07
0.3,1,DBL,1.0,0.01694918939862439,,0.05513513513513512
0.3,1,DMM,1.0,0.016885269660617007,,0.05801801801801802
0.3,1,ISF,1.0,0.08267890520360949,,0.0824074074074074
0.3,2,DBL,1.0,0.014425948025895063,,0.057685950413223136
0.3,2,DMM,1.0,0.010103964877079853,,0.05338842975206611
0.3,2,ISF,1.0,0.07636346561907512,,0.0730841121495327
0.3,3,DBL,1.0,0.018306165104231952,,0.051504424778761056
0.3,3,DMM,1.0,0.017533239378021752,,0.054336283185840696
0.3,3,ISF,1.0,0.06944193018400481,,0.07408
0.3,4,DBL,1.0,0.007627678689637415,,0.04349514563106796
0.3,4,DMM,1.0,0.006669185954494142,,0.04233009708737864
0.3,4,ISF,1.0,0.07312509063569314,,0.06697247706422019
0.3,5,DBL,1.0,0.007749084310539103,,0.049482758620689654
0.3,5,DMM,1.0,0.006595162282071,,0.049655172413793094
0.3,5,ISF,1.0,0.07579362742026687,,0.07214285714285715
0.3,6,DBL,1.0,0.007897556833278916,,0.05147826086956522
0.3,6,DMM,1.0,0.0053868358778562985,,0.04869565217391303
0.3,6,ISF,1.0,0.07084952293671894,,0.07130434782608695
0.3,7,DBL,1.0,0.0069744130101823745,,0.047321428571428556
0.3,7,DMM,1.0,0.005758874772173297,,0.04839285714285715
0.3,7,ISF,1.0,0.07289761546800495,,0.07233644859813083
0.3,8,DBL,1.0,0.013167433955397994,,0.04732142857142857
0.3,8,DMM,1.0,0.012980598146593246,,0.04999999999999999
0.3,8,ISF,1.0,0.07058535510928808,,0.06427350427350427
0.3,9,DBL,1.0,0.016536399229048118,,0.04990654205607476
0.3,9,DMM,1.0,0.014202075118142268,,0.05065420560747663
0.3,9,ISF,1.0,0.0714386490668615,,0.0653211009174312
0.3,10,DBL,1.0,0.00909775886088895,,0.05433962264150944
0.3,10,DMM,1.0,0.006440083939197835,,0.05169811320754718
0.3,10,ISF,1.0,0.0664455785493067,,0.06886792452830189
0.3,11,DBL,1.0,0.015397668915878435,,0.052571428571428575
0.3,11,DMM,1.0,0.013350645782650813,,0.045714285714285714
0.3,11,ISF,1.0,0.07701189434051153,,0.07796610169491525
0.3,12,DBL,1.0,0.009100206173651289,,0.05249999999999999
0.3,12,DMM,1.0,0.010049671120015185,,0.05053571428571428
0.3,12,ISF,1.0,0.07432665630577422,,0.07008403361344537
0.3,13,DBL,1.0,0.014156219238394677,,0.05398230088495575
0.3,13,DMM,1.0,0.013611928855674037,,0.05238938053097345
0.3,13,ISF,1.0,0.08387981703561097,,0.07663716814159292
0.3,14,DBL,1.0,0.01024223533015085,,0.0512962962962963
0.3,14,DMM,1.0,0.01172188488576664,,0.05111111111111111
0.3,14,ISF,1.0,0.08058713318546264,,0.07884615384615384
0.3,15,DBL,1.0,0.013213917278241895,,0.048761904761904756
0.3,15,DMM,1.0,0.009818351125551121,,0.05276190476190476
0.3,15,ISF,1.0,0.08094760192427977,,0.07855855855855855
0.3,16,DBL,1.0,0.00402485401788466,,0.04601769911504425
0.3,16,DMM,1.0,0.004550337301407042,,0.04920353982300885
0.3,16,ISF,1.0,0.08031446609230551,,0.07704347826086956
0.3,17,DBL,1.0,0.011780845670357197,,0.052363636363636355
0.3,17,DMM,1.0,0.011255118864686988,,0.055999999999999994
0.3,17,ISF,1.0,0.09041485311409936,,0.08358490566037735
0.3,18,DBL,1.0,0.01528827342174117,,0.05473684210526316
0.3,18,DMM,1.0,0.008602729981820857,,0.051578947368421044
0.3,18,ISF,1.0,0.06680049428791747,,0.06737864077669901
0.3,19,DBL,1.0,0.026267059486921446,,0.05137254901960784
0.3,19,DMM,1.0,0.019309898176884697,,0.05078431372549019
0.3,19,ISF,1.0,0.07553930285214502,,0.06875
0.3,20,DBL,1.0,0.006690941525922691,,0.049245283018867915
0.3,20,DMM,1.0,0.007498961128690621,,0.049056603773584895
0.3,20,ISF,1.0,0.07432067422520669,,0.07259259259259258
0.3,21,DBL,1.0,0.0116099407850715,,0.0519626168224299
0.3,21,DMM,1.0,0.01143016577043038,,0.05345794392523364
0.3,21,ISF,1.0,0.06661036138563517,,0.07027027027027026
0.3,22,DBL,1.0,0.005754536891914986,,0.04732142857142858
0.3,22,DMM,1.0,0.0038532746821381674,,0.047857142857142855
0.3,22,ISF,1.0,0.06946048464966376,,0.066
0.3,23,DBL,1.0,0.0048375302286498174,,0.04954954954954956
0.3,23,DMM,1.0,0.004536861285404113,,0.05153153153153153
0.3,23,ISF,1.0,0.09034940713168198,,0.07523809523809524
0.3,24,DBL,1.0,0.019776663623990807,,0.05169811320754717
0.3,24,DMM,1.0,0.01564438154351191,,0.05018867924528302
0.3,24,ISF,1.0,0.06642604728935494,,0.06770642201834863
0.3,25,DBL,1.0,0.011736635829492756,,0.05303571428571429
0.3,25,DMM,1.0,0.008591968458553591,,0.051071428571428566
0.3,25,ISF,1.0,0.07336490165223579,,0.06298245614035088
0.3,26,DBL,1.0,0.008073435786143416,,0.05168141592920355
0.3,26,DMM,1.0,0.005700408331967789,,0.04884955752212389
0.3,26,ISF,1.0,0.06528541488170127,,0.06293103448275864
0.3,27,DBL,1.0,0.0018359413594408844,,0.04760330578512398
0.3,27,DMM,1.0,0.0020212627912993813,,0.04694214876033058
0.3,27,ISF,1.0,0.07589864389818202,,0.07724770642201836
0.3,28,DBL,1.0,0.003093830377836932,,0.047627118644067795
0.3,28,DMM,1.0,0.003221175088929929,,0.049491525423728804
0.3,28,ISF,1.0,0.07167463948970283,,0.068
0.3,29,DBL,1.0,0.0062084725444100574,,0.05009174311926605
0.3,29,DMM,1.0,0.0075208980279003424,,0.05192660550458715
0.3,29,ISF,1.0,0.09260149269365585,,0.08520833333333334
0.4,0,DBL,1.0,0.005535094065925042,,0.04776859504132232
0.4,0,DMM,1.0,0.0038620608100960793,,0.04925619834710744
0.4,0,ISF,1.0,0.07811919088943789,,0.07
0.4,1,DBL,1.0,0.01694918939862439,,0.05513513513513512
0.4,1,DMM,1.0,0.016885269660617007,,0.05801801801801802
0.4,1,ISF,1.0,0.08267890520360949,,0.0824074074074074
0.4,2,DBL,1.0,0.014425948025895063,,0.057685950413223136
0.4,2,DMM,1.0,0.010103964877079853,,0.05338842975206611
0.4,2,ISF,0.98,0.07215015997231047,,0.07019230769230769
0.4,3,DBL,1.0,0.018306165104231952,,0.051504424778761056
0.4,3,DMM,1.0,0.017533239378021752,,0.054336283185840696
0.4,3,ISF,0.98,0.07046986638010355,,0.07131147540983607
0.4,4,DBL,1.0,0.007627678689637415,,0.04349514563106796
0.4,4,DMM,1.0,0.006669185954494142,,0.04233009708737864
0.4,4,ISF,0.98,0.0803504695550956,,0.07326923076923078
0.4,5,DBL,1.0,0.007749084310539103,,0.049482758620689654
0.4,5,DMM,1.0,0.006595162282071,,0.049655172413793094
0.4,5,ISF,1.0,0.07579362742026687,,0.07214285714285715
0.4,6,DBL,1.0,0.007897556833278916,,0.05147826086956522
0.4,6,DMM,1.0,0.0053868358778562985,,0.04869565217391303
0.4,6,ISF,1.0,0.07084952293671894,,0.07130434782608695
0.4,7,DBL,0.98,0.008200676276711043,,0.04648148148148148
0.4,7,DMM,0.98,0.004473343990809561,,0.0475925925925926
0.4,7,ISF,1.0,0.07289761546800495,,0.07233644859813083
0.4,8,DBL,1.0,0.013167433955397994,,0.04732142857142857
0.4,8,DMM,1.0,0.012980598146593246,,0.04999999999999999
0.4,8,ISF,1.0,0.07058535510928808,,0.06427350427350427
0.4,9,DBL,1.0,0.016536399229048118,,0.04990654205607476
0.4,9,DMM,1.0,0.014202075118142268,,0.05065420560747663
0.4,9,ISF,1.0,0.0714386490668615,,0.0653211009174312
0.4,10,DBL,0.98,0.009661378018049222,,0.05262135922330097
0.4,10,DMM,1.0,0.006440083939197835,,0.05169811320754718
0.4,10,ISF,0.98,0.07376849975944616,,0.07288461538461538
0.4,11,DBL,1.0,0.015397668915878435,,0.052571428571428575
0.4,11,DMM,1.0,0.013350645782650813,,0.045714285714285714
0.4,11,ISF,0.96,0.0711668432313507,,0.06875
0.4,12,DBL,0.98,0.01015730628550211,,0.043423423423423424
0.4,12,DMM,0.98,0.009018706358312962,,0.05117117117117116
0.4,12,ISF,0.98,0.07090571822546592,,0.06888888888888889
0.4,13,DBL,0.98,0.014389295210173672,,0.05363636363636364
0.4,13,DMM,0.98,0.011257056656983556,,0.05709090909090909
0.4,13,ISF,0.98,0.08171733935006822,,0.07963636363636364
0.4,14,DBL,1.0,0.01024223533015085,,0.0512962962962963
0.4,14,DMM,1.0,0.01172188488576664,,0.05111111111111111
0.4,14,ISF,1.0,0.08058713318546264,,0.07884615384615384
0.4,15,DBL,0.98,0.012732368610053411,,0.05288461538461539
0.4,15,DMM,0.98,0.008692499466720668,,0.05500000000000001
0.4,15,ISF,1.0,0.08094760192427977,,0.07855855855855855
0.4,16,DBL,0.98,0.0033598060184149197,,0.05135135135135134
0.4,16,DMM,0.98,0.004490162119533898,,0.04756756756756757
0.4,16,ISF,1.0,0.08031446609230551,,0.07704347826086956
0.4,17,DBL,1.0,0.011780845670357197,,0.052363636363636355
0.4,17,DMM,1.0,0.011255118864686988,,0.055999999999999994
0.4,17,ISF,0.98,0.09514616051199151,,0.09203883495145632
0.4,18,DBL,1.0,0.01528827342174117,,0.05473684210526316
0.4,18,DMM,1.0,0.008602729981820857,,0.051578947368421044
0.4,18,ISF,1.0,0.06680049428791747,,0.06737864077669901
0.4,19,DBL,0.96,0.028096347645046572,,0.05224489795918367
0.4,19,DMM,0.96,0.02087725170468066,,0.044285714285714296
0.4,19,ISF,1.0,0.07553930285214502,,0.06875
0.4,20,DBL,1.0,0.006690941525922691,,0.049245283018867915
0.4,20,DMM,1.0,0.007498961128690621,,0.049056603773584895
0.4,20,ISF,1.0,0.07432067422520669,,0.07259259259259258
0.4,21,DBL,0.98,0.012153384049680199,,0.051730769230769226
0.4,21,DMM,0.98,0.009124775428910093,,0.05865384615384615
0.4,21,ISF,0.98,0.06565561265628538,,0.06616822429906541
0.4,22,DBL,0.98,0.0053553131072309615,,0.048256880733944955
0.4,22,DMM,0.98,0.006894566115818203,,0.048256880733944955
0.4,22,ISF,1.0,0.06946048464966376,,0.066
0.4,23,DBL,0.98,0.006720877731242356,,0.05045871559633028
0.4,23,DMM,0.98,0.004716242025710263,,0.05247706422018348
0.4,23,ISF,0.98,0.08720796868420144,,0.08194174757281555
0.4,24,DBL,1.0,0.019776663623990807,,0.05169811320754717
0.4,24,DMM,1.0,0.01564438154351191,,0.05018867924528302
0.4,24,ISF,0.98,0.07202287077471924,,0.07150943396226414
0.4,25,DBL,1.0,0.011736635829492756,,0.05303571428571429
0.4,25,DMM,1.0,0.008591968458553591,,0.051071428571428566
0.4,25,ISF,1.0,0.07336490165223579,,0.06298245614035088
0.4,26,DBL,0.98,0.006892144543241543,,0.04654545454545455
0.4,26,DMM,0.98,0.008777572787008315,,0.050545454545454546
0.4,26,ISF,1.0,0.06528541488170127,,0.06293103448275864
0.4,27,DBL,1.0,0.0018359413594408844,,0.04760330578512398
0.4,27,DMM,1.0,0.0020212627912993813,,0.04694214876033058
0.4,27,ISF,1.0,0.07589864389818202,,0.07724770642201836
0.4,28,DBL,0.98,0.0031860636071722815,,0.05060869565217391
0.4,28,DMM,0.98,0.002279304384934644,,0.051826086956521744
0.4,28,ISF,1.0,0.07167463948970283,,0.068
0.4,29,DBL,1.0,0.0062084725444100574,,0.05009174311926605
0.4,29,DMM,1.0,0.0075208980279003424,,0.05192660550458715
0.4,29,ISF,1.0,0.09260149269365585,,0.08520833333333334
0.5,0,DBL,0.96,0.005515549215177854,,0.04293103448275862
0.5,0,DMM,0.96,0.005264603732384554,,0.04293103448275862
0.5,0,ISF,0.96,0.07704793505677304,,0.07313725490196078
0.5,1,DBL,0.86,0.018791495248191424,,0.05225806451612904
0.5,1,DMM,0.88,0.018333868502600034,,0.0583157894736842
0.5,1,ISF,0.92,0.08840084125289216,,0.08319148936170213
0.5,2,DBL,0.98,0.010007535726598649,,0.0606779661016949
0.5,2,DMM,0.98,0.010382776668620568,,0.054017094017094
0.5,2,ISF,0.88,0.0778300422809505,,0.07042553191489362
0.5,3,DBL,0.9,0.015125118557415954,,0.05564356435643564
0.5,3,DMM,0.88,0.01748888010368596,,0.0556701030927835
0.5,3,ISF,0.92,0.06963183637105931,,0.06833333333333332
0.5,4,DBL,0.9,0.011131084743112083,,0.051304347826086956
0.5,4,DMM,0.88,0.009495560137017673,,0.05066666666666667
0.5,4,ISF,0.88,0.0866707547143833,,0.0903448275862069
0.5,5,DBL,0.9,0.01330733615938249,,0.05272727272727273
0.5,5,DMM,0.92,0.011726466007420368,,0.048349514563106794
0.5,5,ISF,0.96,0.0810655784111854,,0.0725233644859813
0.5,6,DBL,0.9,0.007049855608419278,,0.05346153846153847
0.5,6,DMM,0.9,0.006270343155855225,,0.04788461538461539
0.5,6,ISF,0.86,0.06776059241018113,,0.06778947368421052
0.5,7,DBL,0.92,0.00748300812737516,,0.0574
0.5,7,DMM,0.9,0.007293737257500332,,0.05375
0.5,7,ISF,0.92,0.07804728785012846,,0.07734693877551019
0.5,8,DBL,0.96,0.014857048107185864,,0.05113207547169811
0.5,8,DMM,0.94,0.01606310388616639,,0.04912621359223301
0.5,8,ISF,0.8,0.08159705151618864,,0.07617977528089889
0.5,9,DBL,0.9,0.025351512697420264,,0.04774193548387096
0.5,9,DMM,0.92,0.016054182719501108,,0.047628865979381436
0.5,9,ISF,0.94,0.07759080081326115,,0.07378640776699028
0.5,10,DBL,0.92,0.010023584813746475,,0.05663157894736842
0.5,10,DMM,0.9,0.011215820567069544,,0.05355555555555555
0.5,10,ISF,0.88,0.08077842605134253,,0.07934065934065934
0.5,11,DBL,0.86,0.023833637851341218,,0.061395348837209304
0.5,11,DMM,0.86,0.02081655209285825,,0.053181818181818184
0.5,11,ISF,0.88,0.0715801598819353,,0.0602
0.5,12,DBL,0.92,0.00926362982060468,,0.049523809523809526
0.5,12,DMM,0.92,0.007702898065698266,,0.05009523809523809
0.5,12,ISF,0.86,0.08250857195003808,,0.07215686274509804
0.5,13,DBL,0.84,0.027567512084052264,,0.05295454545454545
0.5,13,DMM,0.82,0.02086378391602352,,0.06023529411764705
0.5,13,ISF,0.88,0.09679239519120206,,0.08185567010309278
0.5,14,DBL,0.9,0.02006271894234661,,0.051827956989247304
0.5,14,DMM,0.86,0.019492059419235114,,0.052808988764044947
0.5,14,ISF,0.9,0.0904953624595542,,0.08774193548387096
0.5,15,DBL,0.88,0.01661273929906138,,0.05376344086021506
0.5,15,DMM,0.86,0.014034877417991648,,0.05648351648351649
0.5,15,ISF,0.9,0.09414411505260026,,0.08610526315789474
0.5,16,DBL,0.84,0.010524884295752455,,0.05116279069767442
0.5,16,DMM,0.84,0.006565632977793922,,0.05162790697674419
0.5,16,ISF,0.9,0.07555854294434854,,0.06625
0.5,17,DBL,0.9,0.011391844157993132,,0.04795698924731182
0.5,17,DMM,0.9,0.011753314687155876,,0.05376344086021506
0.5,17,ISF,0.9,0.09521979566028566,,0.08638297872340425
0.5,18,DBL,0.9,0.018024267906629653,,0.05591836734693877
0.5,18,DMM,0.9,0.01734496962116891,,0.05551020408163265
0.5,18,ISF,0.88,0.07617184446173464,,0.07448275862068965
0.5,19,DBL,0.9,0.033042963316213,,0.060659340659340664
0.5,19,DMM,0.88,0.026103101807055346,,0.053258426966292134
0.5,19,ISF,0.94,0.07880963612406261,,0.07314285714285713
0.5,20,DBL,0.92,0.010795280606421572,,0.04833333333333334
0.5,20,DMM,0.86,0.013777076752357793,,0.04888888888888889
0.5,20,ISF,0.96,0.07435898593922037,,0.0696153846153846
0.5,21,DBL,0.92,0.016101420014458624,,0.049684210526315796
0.5,21,DMM,0.9,0.015974065990649843,,0.049565217391304345
0.5,21,ISF,0.86,0.06936265460885697,,0.06626506024096386
0.5,22,DBL,0.9,0.007777117102175021,,0.05062499999999999
0.5,22,DMM,0.9,0.005957213652183728,,0.04520833333333333
0.5,22,ISF,0.94,0.07372873531180485,,0.0787037037037037
0.5,23,DBL,0.88,0.004435707534383599,,0.04969072164948453
0.5,23,DMM,0.9,0.004501445321272832,,0.04891089108910892
0.5,23,ISF,0.9,0.09436690694793319,,0.09282608695652174
0.5,24,DBL,0.88,0.022739365074171198,,0.04666666666666666
0.5,24,DMM,0.86,0.021958454890770387,,0.05296703296703297
0.5,24,ISF,0.88,0.07195541891315133,,0.06886363636363636
0.5,25,DBL,0.84,0.020249844459687905,,0.05974999999999999
0.5,25,DMM,0.82,0.015516552863781547,,0.057402597402597406
0.5,25,ISF,0.86,0.0882187137448963,,0.07681818181818181
0.5,26,DBL,0.88,0.01090732577067202,,0.05212765957446809
0.5,26,DMM,0.86,0.009793324399521403,,0.05
0.5,26,ISF,0.88,0.07338129055312158,,0.06521739130434782
0.5,27,DBL,0.96,0.004698898303080217,,0.049655172413793115
0.5,27,DMM,0.92,0.003502918130791967,,0.05522935779816514
0.5,27,ISF,0.92,0.08270935145052379,,0.08106382978723405
0.5,28,DBL,0.84,0.005849330327904197,,0.05288888888888889
0.5,28,DMM,0.82,0.008621741695809192,,0.04714285714285713
0.5,28,ISF,0.94,0.07210323501165015,,0.07644859813084111
0.5,29,DBL,0.96,0.011292719965815207,,0.05480769230769231
0.5,29,DMM,0.94,0.009309745245147476,,0.0492
0.5,29,ISF,0.92,0.10581984440746657,,0.09908045977011494
0.6,0,DBL,0.7,0.044938335101407906,,0.0575
0.6,0,DMM,0.68,0.023846740687688644,,0.050555555555555555
0.6,0,ISF,0.6,0.13906580046093284,,0.08703703703703704
0.6,1,DBL,0.62,0.05870771723907624,,0.05310344827586207
0.6,1,DMM,0.6,0.06081875644570496,,0.07263157894736842
0.6,1,ISF,0.6,0.1214485746420304,,0.10321428571428572
0.6,2,DBL,0.58,0.0693782910448294,,0.05824561403508771
0.6,2,DMM,0.52,0.10049356967297941,,0.058800000000000005
0.6,2,ISF,0.48,0.15253955332166869,,0.10820512820512819
0.6,3,DBL,0.5,0.23725544677068466,,0.13161290322580643
0.6,3,DMM,0.48,0.17880339578936436,,0.10114285714285716
0.6,3,ISF,0.5,0.2976793299307545,,0.17172413793103453
0.6,4,DBL,0.46,0.10776266497699437,,0.04842105263157895
0.6,4,DMM,0.46,0.13241447623104452,,0.05055555555555555
0.6,4,ISF,0.58,0.11673519151009291,,0.09576923076923077
0.6,5,DBL,0.56,0.14549872916563442,,0.09555555555555553
0.6,5,DMM,0.54,0.14464921330939173,,0.1059090909090909
0.6,5,ISF,0.66,0.10944376074509692,,0.08857142857142854
0.6,6,DBL,0.6,0.04454942241901319,,0.051875
0.6,6,DMM,0.58,0.03313181435854419,,0.050476190476190466
0.6,6,ISF,0.5,0.08325715969252118,,0.07877551020408163
0.6,7,DBL,0.64,0.03817119344691253,,0.06307692307692307
0.6,7,DMM,0.62,0.03413715015633223,,0.05694915254237287
0.6,7,ISF,0.62,0.08245286614164016,,0.08463768115942032
0.6,8,DBL,0.66,0.0745991482350103,,0.06607142857142857
0.6,8,DMM,0.66,0.06750025906555615,,0.060714285714285714
0.6,8,ISF,0.48,0.1088492909096454,,0.09333333333333334
0.6,9,DBL,0.6,0.12274722739825616,,0.1
0.6,9,DMM,0.5,0.12098262855191282,,0.10052631578947369
0.6,9,ISF,0.62,0.22315598754304455,,0.1125
0.6,10,DBL,0.56,0.04741266142143797,,0.060784313725490195
0.6,10,DMM,0.54,0.07248291199870932,,0.05200000000000001
0.6,10,ISF,0.44,0.16539235351387205,,0.09125
0.6,11,DBL,0.56,0.08166002790712362,,0.06624999999999999
0.6,11,DMM,0.52,0.08387792873427628,,0.06744186046511629
0.6,11,ISF,0.44,0.16809972799656955,,0.09272727272727273
0.6,12,DBL,0.54,0.12628130283473973,,0.07285714285714286
0.6,12,DMM,0.52,0.12024061620186911,,0.07317073170731708
0.6,12,ISF,0.52,0.21233458100584968,,0.1048888888888889
0.6,13,DBL,0.5,0.057378779368353235,,0.07361702127659574
0.6,13,DMM,0.48,0.07737340179181659,,0.07043478260869565
0.6,13,ISF,0.64,0.1562985668567437,,0.11275862068965516
0.6,14,DBL,0.68,0.050292105941057666,,0.06666666666666667
0.6,14,DMM,0.66,0.051893574582208404,,0.049375
0.6,14,ISF,0.48,0.15688024070836037,,0.11315789473684208
0.6,15,DBL,0.6,0.033040088815477923,,0.05655172413793103
0.6,15,DMM,0.58,0.02791498017636191,,0.049642857142857134
0.6,15,ISF,0.58,0.1718713569011122,,0.13098039215686275
0.6,16,DBL,0.5,0.1579315507581004,,0.061621621621621624
0.6,16,DMM,0.5,0.09376952353515727,,0.062051282051282054
0.6,16,ISF,0.56,0.19153774944096402,,0.09999999999999998
0.6,17,DBL,0.62,0.12958334565000101,,0.09178571428571428
0.6,17,DMM,0.58,0.09073472956239723,,0.06489795918367347
0.6,17,ISF,0.52,0.18940009855293716,,0.145
0.6,18,DBL,0.58,0.04737531730599751,,0.06440677966101696
0.6,18,DMM,0.58,0.05056876219287929,,0.07457627118644068
0.6,18,ISF,0.46,0.18816849427233462,,0.1164102564102564
0.6,19,DBL,0.64,0.05341192267911768,,0.06412698412698412
0.6,19,DMM,0.64,0.04199840277566,,0.0619047619047619
0.6,19,ISF,0.54,0.10040898258342765,,0.08280701754385963
0.6,20,DBL,0.52,0.16938421822179392,,0.06526315789473684
0.6,20,DMM,0.48,0.1995251690277022,,0.08933333333333332
0.6,20,ISF,0.64,0.18684867130055927,,0.11306122448979591
0.6,21,DBL,0.58,0.0655414424226913,,0.06758620689655173
0.6,21,DMM,0.6,0.07507881922456452,,0.06896551724137931
0.6,21,ISF,0.4,0.2853487596968388,,0.10636363636363637
0.6,22,DBL,0.54,0.07288140581172917,,0.059090909090909104
0.6,22,DMM,0.54,0.08613829398647947,,0.06
0.6,22,ISF,0.6,0.12932296046630185,,0.08555555555555555
0.6,23,DBL,0.58,0.09656868818108741,,0.0592156862745098
0.6,23,DMM,0.6,0.07564922399299646,,0.05018181818181819
0.6,23,ISF,0.58,0.17753600152111368,,0.12227272727272727
0.6,24,DBL,0.46,0.11159330536402887,,0.09621621621621623
0.6,24,DMM,0.48,0.07770090741528501,,0.0915
0.6,24,ISF,0.48,0.15079777036151656,,0.106
0.6,25,DBL,0.48,0.13884594908633774,,0.08909090909090908
0.6,25,DMM,0.44,0.19049032616946715,,0.07285714285714284
0.6,25,ISF,0.54,0.12138082334632902,,0.10791666666666667
0.6,26,DBL,0.5,0.14513075929344288,,0.07947368421052632
0.6,26,DMM,0.48,0.08809147959054782,,0.05578947368421052
0.6,26,ISF,0.52,0.18609864205371096,,0.08418604651162792
0.6,27,DBL,0.6,0.01214493016268426,,0.0515625
0.6,27,DMM,0.54,0.06155208173686166,,0.0619607843137255
0.6,27,ISF,0.48,0.15650343185228188,,0.1335135135135135
0.6,28,DBL,0.52,0.08303296817829174,,0.05674418604651163
0.6,28,DMM,0.5,0.11260267640627171,,0.05243243243243244
0.6,28,ISF,0.56,0.11890191584330298,,0.08777777777777779
0.6,29,DBL,0.54,0.06367625214674433,,0.08959999999999999
0.6,29,DMM,0.44,0.05302765462402837,,0.07081081081081082
0.6,29,ISF,0.58,0.19614314583504808,,0.17958333333333332
0.7,0,DBL,0.22,0.5185873821602536,,0.19555555555555554
0.7,0,DMM,0.22,0.49982614941255504,,0.18444444444444444
0.7,0,ISF,0.12,0.6263331294386263,,0.57
0.7,1,DBL,0.2,0.6307497573326818,,0.325
0.7,1,DMM,0.18,0.7732451985119454,102.0,0.0
0.7,1,ISF,0.16,0.7771884332721213,62.0,0.83
0.7,2,DBL,0.3,0.5631888488592538,,0.4875
0.7,2,DMM,0.26,0.4284358071029082,,0.32
0.7,2,ISF,0.14,0.6514351369806524,,0.32
0.7,3,DBL,0.16,0.5498182353313854,,0.4425
0.7,3,DMM,0.14,0.5645356052200914,,0.4925
0.7,3,ISF,0.14,0.7812557771068016,59.0,0.0
0.7,4,DBL,0.06,0.736501112930101,162.0,0.0
0.7,4,DMM,0.04,0.7394195900401325,241.0,0.0
0.7,4,ISF,0.04,0.7679334246735137,171.0,0.0
0.7,5,DBL,0.16,0.4867701588602244,,0.31999999999999995
0.7,5,DMM,0.18,0.5260845702803909,,0.475
0.7,5,ISF,0.18,0.745291734911425,181.0,0.765
0.7,6,DBL,0.12,0.7095098911241786,,0.56
0.7,6,DMM,0.1,0.7383851173165492,343.0,0.0
0.7,6,ISF,0.1,0.7499701374684878,138.0,0.0
0.7,7,DBL,0.16,0.6440481529464261,,0.5
0.7,7,DMM,0.18,0.6274859963434154,,0.42
0.7,7,ISF,0.08,0.7961582243285722,89.0,0.0
0.7,8,DBL,0.22,0.31294413849642533,,0.0676923076923077
0.7,8,DMM,0.24,0.2681139020377511,,0.09333333333333334
0.7,8,ISF,0.14,0.2870320529166932,,0.122
0.7,9,DBL,0.18,0.3523776661090741,,0.22199999999999995
0.7,9,DMM,0.14,0.35218895278849205,,0.3177777777777777
0.7,9,ISF,0.14,0.6134354473203352,,0.5133333333333333
0.7,10,DBL,0.1,0.6786331027684995,,0.51
0.7,10,DMM,0.08,0.6168304394399978,,0.46
0.7,10,ISF,0.1,0.5485069522011713,1.0,0.36
0.7,11,DBL,0.12,0.765669936421265,116.0,0.0
0.7,11,DMM,0.14,0.7303366774041234,,0.0
0.7,11,ISF,0.06,0.7830052700060283,112.0,0.0
0.7,12,DBL,0.12,0.284969680604807,,0.12444444444444443
0.7,12,DMM,0.12,0.2932824605687953,,0.11777777777777775
0.7,12,ISF,0.08,0.6416206661139517,,0.48
0.7,13,DBL,0.16,0.4509688270033745,,0.3383333333333334
0.7,13,DMM,0.16,0.24601481730553104,,0.105
0.7,13,ISF,0.16,0.6617726451683766,,0.52
0.7,14,DBL,0.1,0.73508182122389,,0.66
0.7,14,DMM,0.1,0.7265305615931075,,0.68
0.7,14,ISF,0.12,0.6795976725927289,,0.57
0.7,15,DBL,0.2,0.5024559261564869,,0.3285714285714285
0.7,15,DMM,0.12,0.6850016588294152,,0.54
0.7,15,ISF,0.08,0.8104598005500635,58.0,0.0
0.7,16,DBL,0.12,0.696564200986689,,0.46
0.7,16,DMM,0.12,0.6632230349116948,,0.45
0.7,16,ISF,0.22,0.46293166953912085,,0.35538461538461535
0.7,17,DBL,0.16,0.47419780679181983,,0.35714285714285715
0.7,17,DMM,0.18,0.5906678057776493,,0.465
0.7,17,ISF,0.16,0.6528757750667409,,0.5
0.7,18,DBL,0.22,0.20050279360287707,,0.16555555555555554
0.7,18,DMM,0.22,0.15677409614152196,,0.11647058823529412
0.7,18,ISF,0.1,0.6958693091144293,,0.655
0.7,19,DBL,0.18,0.7277294949799146,351.0,0.0
0.7,19,DMM,0.16,0.7342746598516925,295.0,0.0
0.7,19,ISF,0.12,0.4979136343600888,,0.4766666666666666
0.7,20,DBL,0.1,0.6686960854068366,,0.6
0.7,20,DMM,0.08,0.6712267732953654,,0.58
0.7,20,ISF,0.16,0.7748111749006433,170.0,0.0
0.7,21,DBL,0.18,0.31105799293900455,,0.22
0.7,21,DMM,0.16,0.35935643860375427,,0.24400000000000002
0.7,21,ISF,0.14,0.5509434016198002,,0.26
0.7,22,DBL,0.06,0.7236357346032133,177.0,0.0
0.7,22,DMM,0.04,0.7106762697071537,290.0,0.0
0.7,22,ISF,0.12,0.7772129074429742,1.0,0.0
0.7,23,DBL,0.22,0.7369460469678011,55.0,0.68
0.7,23,DMM,0.2,0.686210472999322,,0.57
0.7,23,ISF,0.1,0.6287302823295237,,0.43
0.7,24,DBL,0.1,0.6243042816025157,,0.45
0.7,24,DMM,0.08,0.7780503931800614,80.0,0.0
0.7,24,ISF,0.12,0.7722109787571629,11.0,0.0
0.7,25,DBL,0.16,0.4731309407103724,,0.37999999999999995
0.7,25,DMM,0.14,0.5436249623728856,,0.44000000000000006
0.7,25,ISF,0.1,0.7713481717184882,225.0,0.0
0.7,26,DBL,0.1,0.4198316202929921,,0.17
0.7,26,DMM,0.1,0.4556572581265266,,0.265
0.7,26,ISF,0.04,0.7533611972224256,114.0,0.0
0.7,27,DBL,0.16,0.3568479194057687,,0.10799999999999998
0.7,27,DMM,0.18,0.21770218362354146,,0.12857142857142853
0.7,27,ISF,0.1,0.6514391280392702,,0.43
0.7,28,DBL,0.1,0.7202956433234489,267.0,0.0
0.7,28,DMM,0.06,0.707197111613885,,0.0
0.7,28,ISF,0.04,0.7539780418800099,94.0,0.0
0.7,29,DBL,0.12,0.5984096028549323,,0.4599999999999999
0.7,29,DMM,0.12,0.556046309161505,,0.39599999999999996
0.7,29,ISF,0.18,0.4318268591081311,,0.4116666666666666
0.8,0,DBL,0.04,0.8497854301912876,111.0,0.0
0.8,0,DMM,0.04,0.8489660030267744,123.0,0.0
0.8,0,ISF,0.0,,,
0.8,1,DBL,0.02,0.844221254380969,84.0,0.0
0.8,1,DMM,0.02,0.8575541066194841,98.0,0.0
0.8,1,ISF,0.0,,,
0.8,2,DBL,0.02,0.8256999519617412,258.0,0.0
0.8,2,DMM,0.02,0.8239107679725878,261.0,0.0
0.8,2,ISF,0.0,,,
0.8,3,DBL,0.04,0.8321921827455546,78.0,0.0
0.8,3,DMM,0.06,0.694326374010845,,0.51
0.8,3,ISF,0.0,,,
0.8,4,DBL,0.0,,,
0.8,4,DMM,0.0,,,
0.8,4,ISF,0.0,,,
0.8,5,DBL,0.0,,,
0.8,5,DMM,0.0,,,
0.8,5,ISF,0.0,,,
0.8,6,DBL,0.02,0.8281899323495352,377.0,0.0
0.8,6,DMM,0.02,0.8309452405425443,373.0,0.0
0.8,6,ISF,0.0,,,
0.8,7,DBL,0.0,,,
0.8,7,DMM,0.0,,,
0.8,7,ISF,0.0,,,
0.8,8,DBL,0.0,,,
0.8,8,DMM,0.0,,,
0.8,8,ISF,0.0,,,
0.8,9,DBL,0.0,,,
0.8,9,DMM,0.0,,,
0.8,9,ISF,0.04,0.8488467389060668,1.0,0.0
0.8,10,DBL,0.0,,,
0.8,10,DMM,0.0,,,
0.8,10,ISF,0.0,,,
0.8,11,DBL,0.02,0.8066859242793132,197.0,0.0
0.8,11,DMM,0.0,,,
0.8,11,ISF,0.0,,,
0.8,12,DBL,0.0,,,
0.8,12,DMM,0.0,,,
0.8,12,ISF,0.0,,,
0.8,13,DBL,0.0,,,
0.8,13,DMM,0.0,,,
0.8,13,ISF,0.04,0.8225200093453452,160.0,0.0
0.8,14,DBL,0.0,,,
0.8,14,DMM,0.0,,,
0.8,14,ISF,0.0,,,
0.8,15,DBL,0.02,0.7984606513230231,355.0,0.0
0.8,15,DMM,0.0,,,
0.8,15,ISF,0.0,,,
0.8,16,DBL,0.0,,,
0.8,16,DMM,0.0,,,
0.8,16,ISF,0.0,,,
0.8,17,DBL,0.02,0.7918538717464245,,0.0
0.8,17,DMM,0.02,0.7913446714362479,,0.0
0.8,17,ISF,0.02,0.825207637324353,234.0,0.0
0.8,18,DBL,0.0,,,
0.8,18,DMM,0.0,,,
0.8,18,ISF,0.04,0.7537598678434769,,0.78
0.8,19,DBL,0.02,0.819482085343304,54.0,0.0
0.8,19,DMM,0.0,,,
0.8,19,ISF,0.0,,,
0.8,20,DBL,0.0,,,
0.8,20,DMM,0.0,,,
0.8,20,ISF,0.04,0.847989661711004,141.0,0.0
0.8,21,DBL,0.02,0.8398177810587494,97.0,0.0
0.8,21,DMM,0.02,0.8405161150879371,110.0,0.0
0.8,21,ISF,0.0,,,
0.8,22,DBL,0.0,,,
0.8,22,DMM,0.0,,,
0.8,22,ISF,0.0,,,
0.8,23,DBL,0.0,,,
0.8,23,DMM,0.0,,,
0.8,23,ISF,0.0,,,
0.8,24,DBL,0.0,,,
0.8,24,DMM,0.0,,,
0.8,24,ISF,0.0,,,
0.8,25,DBL,0.0,,,
0.8,25,DMM,0.0,,,
0.8,25,ISF,0.02,0.8341051451802199,120.0,0.0
0.8,26,DBL,0.0,,,
0.8,26,DMM,0.0,,,
0.8,26,ISF,0.0,,,
0.8,27,DBL,0.0,,,
0.8,27,DMM,0.0,,,
0.8,27,ISF,0.0,,,
0.8,28,DBL,0.0,,,
0.8,28,DMM,0.0,,,
0.8,28,ISF,0.0,,,
0.8,29,DBL,0.02,0.8201781824234179,66.0,0.0
0.8,29,DMM,0.0,,,
0.8,29,ISF,0.02,0.8443207976778707,105.0,0.0
