code,scenario,seed,dimension,spearman_rank_correlation,accepted
P2,D1_equal,9000,D1,0.5078991596638656,False
P2,D1_equal,9001,D1,0.5175030012004801,False
P2,D1_equal,9002,D1,0.46218487394957986,False
P2,D1_equal,9003,D1,0.7368547418967587,False
P2,D1_equal,9004,D1,0.4795678271308523,False
P2,D1_equal,9005,D1,0.595390156062425,False
P2,D1_equal,9006,D1,0.48081632653061224,False
P2,D1_equal,9007,D1,0.6365906362545017,False
P2,D1_equal,9008,D1,0.6818247298919567,False
P2,D1_equal,9009,D1,0.5168307322929172,False
P2,D1_equal,9010,D1,0.5887635054021607,False
P2,D1_equal,9011,D1,0.6654981992797119,False
P2,D1_equal,9012,D1,0.6159423769507802,False
P2,D1_equal,9013,D1,0.6691476590636254,False
P2,D1_equal,9014,D1,0.5476590636254501,False
P2,D1_equal,9015,D1,0.5627370948379351,False
P2,D1_equal,9016,D1,0.31438175270108043,False
P2,D1_equal,9017,D1,0.31630252100840334,False
P2,D1_equal,9018,D1,0.647154861944778,False
P2,D1_equal,9019,D1,0.573877551020408,False
P2,D1_equal,9020,D1,0.4739975990396158,False
P2,D1_equal,9021,D1,0.5914525810324129,False
P2,D1_equal,9022,D1,0.4857142857142857,False
P2,D1_equal,9023,D1,0.402641056422569,False
P2,D1_equal,9024,D1,0.5576470588235294,False
P2,D1_equal,9025,D1,0.7222569027611043,False
P2,D1_equal,9026,D1,0.5327731092436975,False
P2,D1_equal,9027,D1,0.6701080432172869,False
P2,D1_equal,9028,D1,0.4955102040816326,False
P2,D1_equal,9029,D1,0.6163265306122448,False
P2,D1_completeness_heavy,9000,D1,0.3540456182472989,False
P2,D1_completeness_heavy,9001,D1,0.6202641056422569,False
P2,D1_completeness_heavy,9002,D1,0.4753421368547419,False
P2,D1_completeness_heavy,9003,D1,0.7509723889555822,False
P2,D1_completeness_heavy,9004,D1,0.5018487394957983,False
P2,D1_completeness_heavy,9005,D1,0.5917406962785113,False
P2,D1_completeness_heavy,9006,D1,0.7671068427370948,False
P2,D1_completeness_heavy,9007,D1,0.5340216086434574,False
P2,D1_completeness_heavy,9008,D1,0.6342857142857142,False
P2,D1_completeness_heavy,9009,D1,0.661080432172869,False
P2,D1_completeness_heavy,9010,D1,0.5448739495798319,False
P2,D1_completeness_heavy,9011,D1,0.6336134453781512,False
P2,D1_completeness_heavy,9012,D1,0.657719087635054,False
P2,D1_completeness_heavy,9013,D1,0.6437935174069627,False
P2,D1_completeness_heavy,9014,D1,0.5761824729891956,False
P2,D1_completeness_heavy,9015,D1,0.636110444177671,False
P2,D1_completeness_heavy,9016,D1,0.4468187274909964,False
P2,D1_completeness_heavy,9017,D1,0.23418967587034814,False
P2,D1_completeness_heavy,9018,D1,0.556782713085234,False
P2,D1_completeness_heavy,9019,D1,0.5041536614645858,False
P2,D1_completeness_heavy,9020,D1,0.4176230492196878,False
P2,D1_completeness_heavy,9021,D1,0.6352460984393757,False
P2,D1_completeness_heavy,9022,D1,0.7452100840336134,False
P2,D1_completeness_heavy,9023,D1,0.28547418967587035,False
P2,D1_completeness_heavy,9024,D1,0.5727250900360145,False
P2,D1_completeness_heavy,9025,D1,0.4777430972388956,False
P2,D1_completeness_heavy,9026,D1,0.6253541416566627,False
P2,D1_completeness_heavy,9027,D1,0.4509483793517407,False
P2,D1_completeness_heavy,9028,D1,0.49589435774309715,False
P2,D1_completeness_heavy,9029,D1,0.6372629051620649,False
P2,D1_schema_heavy,9000,D1,0.6185354141656663,False
P2,D1_schema_heavy,9001,D1,0.626218487394958,False
P2,D1_schema_heavy,9002,D1,0.33483793517406957,False
P2,D1_schema_heavy,9003,D1,0.5418007202881152,False
P2,D1_schema_heavy,9004,D1,0.47793517406962777,False
P2,D1_schema_heavy,9005,D1,0.13546218487394956,False
P2,D1_schema_heavy,9006,D1,0.18684273709483792,False
P2,D1_schema_heavy,9007,D1,0.5038655462184873,False
P2,D1_schema_heavy,9008,D1,0.5912605042016807,False
P2,D1_schema_heavy,9009,D1,0.443937575030012,False
P2,D1_schema_heavy,9010,D1,0.418391356542617,False
P2,D1_schema_heavy,9011,D1,0.6474429771908763,False
P2,D1_schema_heavy,9012,D1,0.6145978391356542,False
P2,D1_schema_heavy,9013,D1,0.6153661464585835,False
P2,D1_schema_heavy,9014,D1,0.5089555822328932,False
P2,D1_schema_heavy,9015,D1,0.47111644657863144,False
P2,D1_schema_heavy,9016,D1,0.24110444177671067,False
P2,D1_schema_heavy,9017,D1,0.20364945978391355,False
P2,D1_schema_heavy,9018,D1,0.29267707082833133,False
P2,D1_schema_heavy,9019,D1,0.3679711884753902,False
P2,D1_schema_heavy,9020,D1,0.4036014405762305,False
P2,D1_schema_heavy,9021,D1,0.4509483793517407,False
P2,D1_schema_heavy,9022,D1,0.43097238895558226,False
P2,D1_schema_heavy,9023,D1,0.4574789915966387,False
P2,D1_schema_heavy,9024,D1,0.6232412965186074,False
P2,D1_schema_heavy,9025,D1,0.3611524609843937,False
P2,D1_schema_heavy,9026,D1,0.47985594237695073,False
P2,D1_schema_heavy,9027,D1,0.4827370948379352,False
P2,D1_schema_heavy,9028,D1,0.4456662665066026,False
P2,D1_schema_heavy,9029,D1,0.35183673469387755,False
P3,D2_equal,9000,D2,0.10875194264062252,False
P3,D2_equal,9001,D2,0.6555951492292388,False
P3,D2_equal,9002,D2,0.05514954884984415,False
P3,D2_equal,9003,D2,0.15776971592855132,False
P3,D2_equal,9004,D2,0.297898369795759,False
P3,D2_equal,9005,D2,0.26086918655131264,False
P3,D2_equal,9006,D2,0.1703284118850688,False
P3,D2_equal,9007,D2,0.10350439542809672,False
P3,D2_equal,9008,D2,0.24979653952123013,False
P3,D2_equal,9009,D2,0.18326089336483664,False
P3,D2_equal,9010,D2,-0.0947270024745,False
P3,D2_equal,9011,D2,0.2166904700901766,False
P3,D2_equal,9012,D2,-0.21882928851154662,False
P3,D2_equal,9013,D2,0.3633033858690289,False
P3,D2_equal,9014,D2,0.045879094516217946,False
P3,D2_equal,9015,D2,0.22878947209193928,False
P3,D2_equal,9016,D2,0.22042429262022842,False
P3,D2_equal,9017,D2,-0.11414534508003257,False
P3,D2_equal,9018,D2,0.023812678239153263,False
P3,D2_equal,9019,D2,0.96444407983063,True
P3,D2_equal,9020,D2,0.21379551106137543,False
P3,D2_equal,9021,D2,0.08996154339626439,False
P3,D2_equal,9022,D2,0.2745489813393163,False
P3,D2_equal,9023,D2,0.25782133001375596,False
P3,D2_equal,9024,D2,0.2172893523791784,False
P3,D2_equal,9025,D2,0.16208363501771336,False
P3,D2_equal,9026,D2,0.13444044906174862,False
P3,D2_equal,9027,D2,0.10974669105892769,False
P3,D2_equal,9028,D2,0.19599922452751403,False
P3,D2_equal,9029,D2,0.19682985694142485,False
P3,D2_encryption_heavy,9000,D2,-0.01983756357321669,False
P3,D2_encryption_heavy,9001,D2,0.09047229989441487,False
P3,D2_encryption_heavy,9002,D2,0.27960853116251444,False
P3,D2_encryption_heavy,9003,D2,0.18400802895259605,False
P3,D2_encryption_heavy,9004,D2,0.33072072379069395,False
P3,D2_encryption_heavy,9005,D2,0.06851973597728458,False
P3,D2_encryption_heavy,9006,D2,0.1464264140505844,False
P3,D2_encryption_heavy,9007,D2,0.025875025827958552,False
P3,D2_encryption_heavy,9008,D2,-0.03876922242710778,False
P3,D2_encryption_heavy,9009,D2,0.2289904105333849,False
P3,D2_encryption_heavy,9010,D2,0.1834246644985613,False
P3,D2_encryption_heavy,9011,D2,0.05315418624310949,False
P3,D2_encryption_heavy,9012,D2,0.09501041636882901,False
P3,D2_encryption_heavy,9013,D2,0.004563290750571071,False
P3,D2_encryption_heavy,9014,D2,0.2136551989674278,False
P3,D2_encryption_heavy,9015,D2,0.2084947103304606,False
P3,D2_encryption_heavy,9016,D2,0.18814174968766628,False
P3,D2_encryption_heavy,9017,D2,0.1051467971681337,False
P3,D2_encryption_heavy,9018,D2,0.3637842483864155,False
P3,D2_encryption_heavy,9019,D2,0.2962061517223743,False
P3,D2_encryption_heavy,9020,D2,0.12948898787289742,False
P3,D2_encryption_heavy,9021,D2,-0.03708077168977357,False
P3,D2_encryption_heavy,9022,D2,0.5089412712616418,False
P3,D2_encryption_heavy,9023,D2,0.24050913339081886,False
P3,D2_encryption_heavy,9024,D2,0.10404682004320188,False
P3,D2_encryption_heavy,9025,D2,0.37239644557349805,False
P3,D2_encryption_heavy,9026,D2,0.33876273786262606,False
P3,D2_encryption_heavy,9027,D2,0.0692329960169631,False
P3,D2_encryption_heavy,9028,D2,0.19599922452751403,False
P3,D2_encryption_heavy,9029,D2,0.13623254277590072,False
P3,D2_incident_heavy,9000,D2,-0.06487314217691457,False
P3,D2_incident_heavy,9001,D2,0.20501651757827544,False
P3,D2_incident_heavy,9002,D2,-0.17602354178053708,False
P3,D2_incident_heavy,9003,D2,0.32309794820920296,False
P3,D2_incident_heavy,9004,D2,0.32830376947734896,False
P3,D2_incident_heavy,9005,D2,-0.06826077886236583,False
P3,D2_incident_heavy,9006,D2,0.11606208135033028,False
P3,D2_incident_heavy,9007,D2,0.3933564874313178,False
P3,D2_incident_heavy,9008,D2,0.31126320233918287,False
P3,D2_incident_heavy,9009,D2,0.28719638324875574,False
P3,D2_incident_heavy,9010,D2,-0.0485071289079536,False
P3,D2_incident_heavy,9011,D2,0.04192914883085284,False
P3,D2_incident_heavy,9012,D2,0.21270409449427127,False
P3,D2_incident_heavy,9013,D2,0.3884813216725297,False
P3,D2_incident_heavy,9014,D2,0.1861627532100964,False
P3,D2_incident_heavy,9015,D2,0.12297774079175942,False
P3,D2_incident_heavy,9016,D2,0.06871737012030442,False
P3,D2_incident_heavy,9017,D2,-0.16312123751196225,False
P3,D2_incident_heavy,9018,D2,0.36603652469449766,False
P3,D2_incident_heavy,9019,D2,0.35427506551287297,False
P3,D2_incident_heavy,9020,D2,0.1261847025681626,False
P3,D2_incident_heavy,9021,D2,0.5158082682179911,False
P3,D2_incident_heavy,9022,D2,0.06853235412874656,False
P3,D2_incident_heavy,9023,D2,-0.029744113078679905,False
P3,D2_incident_heavy,9024,D2,0.24392056724428016,False
P3,D2_incident_heavy,9025,D2,0.36820719735328056,False
P3,D2_incident_heavy,9026,D2,0.24144129213901777,False
P3,D2_incident_heavy,9027,D2,0.207347887603437,False
P3,D2_incident_heavy,9028,D2,0.12385968391604904,False
P3,D2_incident_heavy,9029,D2,0.1605177799946119,False
P4,D3_equal,9000,D3,-0.04175572226555245,False
P4,D3_equal,9001,D3,0.20268870683462198,False
P4,D3_equal,9002,D3,0.03285136768905167,False
P4,D3_equal,9003,D3,0.1440789276142611,False
P4,D3_equal,9004,D3,-0.13942305561982346,False
P4,D3_equal,9005,D3,-0.023472061419754445,False
P4,D3_equal,9006,D3,0.2103366904193011,False
P4,D3_equal,9007,D3,0.175376134236601,False
P4,D3_equal,9008,D3,0.38718871578715514,False
P4,D3_equal,9009,D3,0.3827635805213804,False
P4,D3_equal,9010,D3,0.17264927041452946,False
P4,D3_equal,9011,D3,0.16100197702599814,False
P4,D3_equal,9012,D3,0.33830585653265266,False
P4,D3_equal,9013,D3,0.2725529054640617,False
P4,D3_equal,9014,D3,-0.08438059296185753,False
P4,D3_equal,9015,D3,0.08489579002048121,False
P4,D3_equal,9016,D3,0.21264044594342468,False
P4,D3_equal,9017,D3,0.20304098225494768,False
P4,D3_equal,9018,D3,0.10659828413061914,False
P4,D3_equal,9019,D3,-0.03701088465945368,False
P4,D3_equal,9020,D3,-0.11434813162765654,False
P4,D3_equal,9021,D3,0.09098217616596697,False
P4,D3_equal,9022,D3,0.4979598034948628,False
P4,D3_equal,9023,D3,0.06132750231629001,False
P4,D3_equal,9024,D3,0.38556037977537055,False
P4,D3_equal,9025,D3,0.26747436171000094,False
P4,D3_equal,9026,D3,0.2773451158691005,False
P4,D3_equal,9027,D3,0.06731599424655128,False
P4,D3_equal,9028,D3,0.9972869531514945,True
P4,D3_equal,9029,D3,0.24811915002318294,False
P4,D3_lineage_heavy,9000,D3,-0.0681429663822945,False
P4,D3_lineage_heavy,9001,D3,0.26565006254806006,False
P4,D3_lineage_heavy,9002,D3,0.15678621998275605,False
P4,D3_lineage_heavy,9003,D3,0.26655701186386804,False
P4,D3_lineage_heavy,9004,D3,0.19003539408457779,False
P4,D3_lineage_heavy,9005,D3,0.7432631627848136,False
P4,D3_lineage_heavy,9006,D3,0.14495993150043793,False
P4,D3_lineage_heavy,9007,D3,0.16536118800323968,False
P4,D3_lineage_heavy,9008,D3,0.16447992195037642,False
P4,D3_lineage_heavy,9009,D3,0.4194926717753964,False
P4,D3_lineage_heavy,9010,D3,0.3004818769195208,False
P4,D3_lineage_heavy,9011,D3,0.24107933423834696,False
P4,D3_lineage_heavy,9012,D3,0.2927270566497499,False
P4,D3_lineage_heavy,9013,D3,-0.04550446481475821,False
P4,D3_lineage_heavy,9014,D3,0.38515736515431204,False
P4,D3_lineage_heavy,9015,D3,-0.01721412782006962,False
P4,D3_lineage_heavy,9016,D3,0.18515771219001165,False
P4,D3_lineage_heavy,9017,D3,0.06425926534349105,False
P4,D3_lineage_heavy,9018,D3,0.32646105812065535,False
P4,D3_lineage_heavy,9019,D3,0.10144337022351704,False
P4,D3_lineage_heavy,9020,D3,-0.16063734001476082,False
P4,D3_lineage_heavy,9021,D3,0.279566399434025,False
P4,D3_lineage_heavy,9022,D3,0.20173882944553811,False
P4,D3_lineage_heavy,9023,D3,0.18837891198781345,False
P4,D3_lineage_heavy,9024,D3,0.22364931734253363,False
P4,D3_lineage_heavy,9025,D3,0.943131872587312,True
P4,D3_lineage_heavy,9026,D3,0.424108765007385,False
P4,D3_lineage_heavy,9027,D3,0.2257937830262165,False
P4,D3_lineage_heavy,9028,D3,0.9992248437575698,True
P4,D3_lineage_heavy,9029,D3,0.08465717954164517,False
P4,D3_freshness_heavy,9000,D3,-0.05576598106294056,False
P4,D3_freshness_heavy,9001,D3,0.08772178221802415,False
P4,D3_freshness_heavy,9002,D3,0.06962851287822601,False
P4,D3_freshness_heavy,9003,D3,0.11783221567326248,False
P4,D3_freshness_heavy,9004,D3,0.2172348206802522,False
P4,D3_freshness_heavy,9005,D3,0.4372709251803874,False
P4,D3_freshness_heavy,9006,D3,0.14903695705006073,False
P4,D3_freshness_heavy,9007,D3,0.07215813480512677,False
P4,D3_freshness_heavy,9008,D3,0.24334298812104405,False
P4,D3_freshness_heavy,9009,D3,0.2627289777085533,False
P4,D3_freshness_heavy,9010,D3,0.3111924418300682,False
P4,D3_freshness_heavy,9011,D3,0.1713283620560638,False
P4,D3_freshness_heavy,9012,D3,0.4084029557816708,False
P4,D3_freshness_heavy,9013,D3,0.12724955114876607,False
P4,D3_freshness_heavy,9014,D3,0.7296027226982023,False
P4,D3_freshness_heavy,9015,D3,0.10041123927297628,False
P4,D3_freshness_heavy,9016,D3,0.2747258431607265,False
P4,D3_freshness_heavy,9017,D3,0.25317826884380157,False
P4,D3_freshness_heavy,9018,D3,0.27976369006188306,False
P4,D3_freshness_heavy,9019,D3,0.38166362460037406,False
P4,D3_freshness_heavy,9020,D3,0.35134448710413557,False
P4,D3_freshness_heavy,9021,D3,0.338958038829045,False
P4,D3_freshness_heavy,9022,D3,0.03486036387874192,False
P4,D3_freshness_heavy,9023,D3,0.02702660288235319,False
P4,D3_freshness_heavy,9024,D3,0.054683751259861475,False
P4,D3_freshness_heavy,9025,D3,0.9417624605505833,True
P4,D3_freshness_heavy,9026,D3,0.04601169111662351,False
P4,D3_freshness_heavy,9027,D3,0.12583174855816714,False
P4,D3_freshness_heavy,9028,D3,0.24340305067672868,False
P4,D3_freshness_heavy,9029,D3,0.3010151872441951,False
P5,D4_equal,9000,D4,0.38513620782933544,False
P5,D4_equal,9001,D4,0.11215312076510225,False
P5,D4_equal,9002,D4,0.21005072926830834,False
P5,D4_equal,9003,D4,0.14664135005619994,False
P5,D4_equal,9004,D4,0.14358485297267792,False
P5,D4_equal,9005,D4,0.18179024449544898,False
P5,D4_equal,9006,D4,0.18306192926786233,False
P5,D4_equal,9007,D4,0.2630855209301193,False
P5,D4_equal,9008,D4,0.9999999999999999,True
P5,D4_equal,9009,D4,0.24834005626937852,False
P5,D4_equal,9010,D4,0.07906648513999365,False
P5,D4_equal,9011,D4,0.2106761742704224,False
P5,D4_equal,9012,D4,0.08443743805715474,False
P5,D4_equal,9013,D4,0.2292604421475733,False
P5,D4_equal,9014,D4,0.8682662058589392,False
P5,D4_equal,9015,D4,0.1877100170129754,False
P5,D4_equal,9016,D4,0.20289402596329503,False
P5,D4_equal,9017,D4,-0.03142345907498175,False
P5,D4_equal,9018,D4,0.25297117672310543,False
P5,D4_equal,9019,D4,-0.03432402502422543,False
P5,D4_equal,9020,D4,0.21626844612944843,False
P5,D4_equal,9021,D4,0.1517090271637511,False
P5,D4_equal,9022,D4,0.043193307481628467,False
P5,D4_equal,9023,D4,0.08651067951983427,False
P5,D4_equal,9024,D4,0.33419857766745675,False
P5,D4_equal,9025,D4,-0.04788546423532582,False
P5,D4_equal,9026,D4,0.35206479160979126,False
P5,D4_equal,9027,D4,0.16877121177426574,False
P5,D4_equal,9028,D4,0.2695831434358487,False
P5,D4_equal,9029,D4,0.28529568596067195,False
P5,D4_rule_heavy,9000,D4,0.2916864209254143,False
P5,D4_rule_heavy,9001,D4,0.2031646748173836,False
P5,D4_rule_heavy,9002,D4,0.10301891473700883,False
P5,D4_rule_heavy,9003,D4,0.42396664223966934,False
P5,D4_rule_heavy,9004,D4,0.11118750181303581,False
P5,D4_rule_heavy,9005,D4,0.9065009167190972,True
P5,D4_rule_heavy,9006,D4,0.01055140450695022,False
P5,D4_rule_heavy,9007,D4,0.3332325496850645,False
P5,D4_rule_heavy,9008,D4,0.4553786413622431,False
P5,D4_rule_heavy,9009,D4,0.4715378935088079,False
P5,D4_rule_heavy,9010,D4,0.28228300056621153,False
P5,D4_rule_heavy,9011,D4,0.08711341677912962,False
P5,D4_rule_heavy,9012,D4,0.15818637030325253,False
P5,D4_rule_heavy,9013,D4,0.33449663711913635,False
P5,D4_rule_heavy,9014,D4,0.2024043083775929,False
P5,D4_rule_heavy,9015,D4,0.36915402631379934,False
P5,D4_rule_heavy,9016,D4,0.2773305834369456,False
P5,D4_rule_heavy,9017,D4,0.19999688131712695,False
P5,D4_rule_heavy,9018,D4,-0.21940638274095642,False
P5,D4_rule_heavy,9019,D4,0.004213244178836852,False
P5,D4_rule_heavy,9020,D4,0.23555166932666263,False
P5,D4_rule_heavy,9021,D4,0.29659682849874314,False
P5,D4_rule_heavy,9022,D4,0.2742783494170182,False
P5,D4_rule_heavy,9023,D4,0.17020084212687842,False
P5,D4_rule_heavy,9024,D4,0.010357544177822454,False
P5,D4_rule_heavy,9025,D4,-0.06406210219675512,False
P5,D4_rule_heavy,9026,D4,0.2898510520026192,False
P5,D4_rule_heavy,9027,D4,0.028055640552030008,False
P5,D4_rule_heavy,9028,D4,0.21516280001749297,False
P5,D4_rule_heavy,9029,D4,0.21390487478995412,False
P5,D4_consent_heavy,9000,D4,0.4656055216268138,False
P5,D4_consent_heavy,9001,D4,0.7883452983342807,False
P5,D4_consent_heavy,9002,D4,0.10852090528615012,False
P5,D4_consent_heavy,9003,D4,0.24131029653124342,False
P5,D4_consent_heavy,9004,D4,0.1165585606218735,False
P5,D4_consent_heavy,9005,D4,0.16238475148392353,False
P5,D4_consent_heavy,9006,D4,0.5053179170123265,False
P5,D4_consent_heavy,9007,D4,0.43261928653819565,False
P5,D4_consent_heavy,9008,D4,0.25076419641641334,False
P5,D4_consent_heavy,9009,D4,0.33823444180796,False
P5,D4_consent_heavy,9010,D4,0.021445152632810785,False
P5,D4_consent_heavy,9011,D4,0.12737069933615944,False
P5,D4_consent_heavy,9012,D4,0.1498980768040219,False
P5,D4_consent_heavy,9013,D4,0.015509355204814532,False
P5,D4_consent_heavy,9014,D4,0.0428175804235646,False
P5,D4_consent_heavy,9015,D4,0.41651565477333463,False
P5,D4_consent_heavy,9016,D4,0.4503862627317479,False
P5,D4_consent_heavy,9017,D4,0.054928128765039656,False
P5,D4_consent_heavy,9018,D4,0.16105417498614288,False
P5,D4_consent_heavy,9019,D4,0.0884820719412859,False
P5,D4_consent_heavy,9020,D4,0.17173334558392236,False
P5,D4_consent_heavy,9021,D4,0.1509677891638998,False
P5,D4_consent_heavy,9022,D4,0.09988286062390138,False
P5,D4_consent_heavy,9023,D4,0.9172167626729619,True
P5,D4_consent_heavy,9024,D4,0.13278915753298623,False
P5,D4_consent_heavy,9025,D4,0.12032066054089675,False
P5,D4_consent_heavy,9026,D4,0.9154264714613946,True
P5,D4_consent_heavy,9027,D4,0.2766979911644619,False
P5,D4_consent_heavy,9028,D4,0.2745584656261404,False
P5,D4_consent_heavy,9029,D4,0.260814824539188,False
P6,D5_equal,9000,D5,0.40456182472989194,False
P6,D5_equal,9001,D5,0.5444897959183673,False
P6,D5_equal,9002,D5,0.5537094837935175,False
P6,D5_equal,9003,D5,0.5883793517406962,False
P6,D5_equal,9004,D5,0.5070348139255703,False
P6,D5_equal,9005,D5,0.6060504201680672,False
P6,D5_equal,9006,D5,0.8226170468187275,False
P6,D5_equal,9007,D5,0.6377430972388957,False
P6,D5_equal,9008,D5,0.5343097238895558,False
P6,D5_equal,9009,D5,0.7879471788715485,False
P6,D5_equal,9010,D5,0.6631932773109244,False
P6,D5_equal,9011,D5,0.7402160864345738,False
P6,D5_equal,9012,D5,0.7292677070828331,False
P6,D5_equal,9013,D5,0.6350540216086434,False
P6,D5_equal,9014,D5,0.6647298919567827,False
P6,D5_equal,9015,D5,0.6387995198079232,False
P6,D5_equal,9016,D5,0.6104681872749098,False
P6,D5_equal,9017,D5,0.5347899159663866,False
P6,D5_equal,9018,D5,0.6522448979591836,False
P6,D5_equal,9019,D5,0.7038175270108042,False
P6,D5_equal,9020,D5,0.5847298919567826,False
P6,D5_equal,9021,D5,0.61968787515006,False
P6,D5_equal,9022,D5,0.5689795918367346,False
P6,D5_equal,9023,D5,0.6508043217286914,False
P6,D5_equal,9024,D5,0.6617527010804322,False
P6,D5_equal,9025,D5,0.6512845138055222,False
P6,D5_equal,9026,D5,0.5559183673469387,False
P6,D5_equal,9027,D5,0.5722448979591837,False
P6,D5_equal,9028,D5,0.5180792316926771,False
P6,D5_equal,9029,D5,0.4992557022809123,False
P6,D5_reconciliation_heavy,9000,D5,0.5053061224489795,False
P6,D5_reconciliation_heavy,9001,D5,0.49579831932773105,False
P6,D5_reconciliation_heavy,9002,D5,0.20816326530612245,False
P6,D5_reconciliation_heavy,9003,D5,0.733109243697479,False
P6,D5_reconciliation_heavy,9004,D5,0.46823529411764697,False
P6,D5_reconciliation_heavy,9005,D5,0.5214405762304922,False
P6,D5_reconciliation_heavy,9006,D5,0.45882352941176463,False
P6,D5_reconciliation_heavy,9007,D5,0.5760864345738295,False
P6,D5_reconciliation_heavy,9008,D5,0.3496278511404562,False
P6,D5_reconciliation_heavy,9009,D5,0.6595438175270109,False
P6,D5_reconciliation_heavy,9010,D5,0.5516926770708284,False
P6,D5_reconciliation_heavy,9011,D5,0.6751020408163264,False
P6,D5_reconciliation_heavy,9012,D5,0.6209363745498199,False
P6,D5_reconciliation_heavy,9013,D5,0.6006722689075631,False
P6,D5_reconciliation_heavy,9014,D5,0.4404801920768307,False
P6,D5_reconciliation_heavy,9015,D5,0.45258103241296516,False
P6,D5_reconciliation_heavy,9016,D5,0.493781512605042,False
P6,D5_reconciliation_heavy,9017,D5,0.43231692677070827,False
P6,D5_reconciliation_heavy,9018,D5,0.566578631452581,False
P6,D5_reconciliation_heavy,9019,D5,0.1296998799519808,False
P6,D5_reconciliation_heavy,9020,D5,0.2751020408163265,False
P6,D5_reconciliation_heavy,9021,D5,0.5914525810324129,False
P6,D5_reconciliation_heavy,9022,D5,0.7356062424969987,False
P6,D5_reconciliation_heavy,9023,D5,0.3637454981992797,False
P6,D5_reconciliation_heavy,9024,D5,0.5780072028811525,False
P6,D5_reconciliation_heavy,9025,D5,0.6206482593037216,False
P6,D5_reconciliation_heavy,9026,D5,0.5215366146458583,False
P6,D5_reconciliation_heavy,9027,D5,0.3301320528211284,False
P6,D5_reconciliation_heavy,9028,D5,0.16052821128451378,False
P6,D5_reconciliation_heavy,9029,D5,0.6533973589435774,False
P6,D5_api_heavy,9000,D5,0.596734693877551,False
P6,D5_api_heavy,9001,D5,0.7872749099639856,False
P6,D5_api_heavy,9002,D5,0.5241296518607442,False
P6,D5_api_heavy,9003,D5,0.6438895558223289,False
P6,D5_api_heavy,9004,D5,0.6469627851140455,False
P6,D5_api_heavy,9005,D5,0.688547418967587,False
P6,D5_api_heavy,9006,D5,0.39649459783913565,False
P6,D5_api_heavy,9007,D5,0.7770948379351741,False
P6,D5_api_heavy,9008,D5,0.8246338535414165,False
P6,D5_api_heavy,9009,D5,0.6848979591836735,False
P6,D5_api_heavy,9010,D5,0.740408163265306,False
P6,D5_api_heavy,9011,D5,0.4790876350540216,False
P6,D5_api_heavy,9012,D5,0.6514765906362544,False
P6,D5_api_heavy,9013,D5,0.6539735894357742,False
P6,D5_api_heavy,9014,D5,0.46775510204081633,False
P6,D5_api_heavy,9015,D5,0.6071068427370948,False
P6,D5_api_heavy,9016,D5,0.6613685474189676,False
P6,D5_api_heavy,9017,D5,0.5276830732292916,False
P6,D5_api_heavy,9018,D5,0.7703721488595437,False
P6,D5_api_heavy,9019,D5,0.5385354141656662,False
P6,D5_api_heavy,9020,D5,0.6811524609843937,False
P6,D5_api_heavy,9021,D5,0.6259303721488595,False
P6,D5_api_heavy,9022,D5,0.43932773109243695,False
P6,D5_api_heavy,9023,D5,0.5195198079231693,False
P6,D5_api_heavy,9024,D5,0.7792076830732292,False
P6,D5_api_heavy,9025,D5,0.5677310924369748,False
P6,D5_api_heavy,9026,D5,0.6273709483793517,False
P6,D5_api_heavy,9027,D5,0.45478991596638657,False
P6,D5_api_heavy,9028,D5,0.516734693877551,False
P6,D5_api_heavy,9029,D5,0.5878991596638654,False
P7,SVC_equal,9000,SVC,0.9486194477791116,True
P7,SVC_equal,9001,SVC,0.9373829531812724,True
P7,SVC_equal,9002,SVC,0.9511164465786314,True
P7,SVC_equal,9003,SVC,0.9522689075630252,True
P7,SVC_equal,9004,SVC,0.9178871548619447,True
P7,SVC_equal,9005,SVC,0.9346938775510203,True
P7,SVC_equal,9006,SVC,0.924609843937575,True
P7,SVC_equal,9007,SVC,0.9392076830732292,True
P7,SVC_equal,9008,SVC,0.9221128451380551,True
P7,SVC_equal,9009,SVC,0.946890756302521,True
P7,SVC_equal,9010,SVC,0.9649459783913565,True
P7,SVC_equal,9011,SVC,0.9451620648259302,True
P7,SVC_equal,9012,SVC,0.9478511404561825,True
P7,SVC_equal,9013,SVC,0.9506362545018008,True
P7,SVC_equal,9014,SVC,0.9464105642256901,True
P7,SVC_equal,9015,SVC,0.9545738295318127,True
P7,SVC_equal,9016,SVC,0.941704681872749,True
P7,SVC_equal,9017,SVC,0.9064585834333733,True
P7,SVC_equal,9018,SVC,0.9636014405762304,True
P7,SVC_equal,9019,SVC,0.9368067226890756,True
P7,SVC_equal,9020,SVC,0.8868667466986795,False
P7,SVC_equal,9021,SVC,0.9335414165666266,True
P7,SVC_equal,9022,SVC,0.9660024009603841,True
P7,SVC_equal,9023,SVC,0.9429531812725089,True
P7,SVC_equal,9024,SVC,0.9105882352941176,True
P7,SVC_equal,9025,SVC,0.9641776710684273,True
P7,SVC_equal,9026,SVC,0.9394957983193277,True
P7,SVC_equal,9027,SVC,0.9088595438175271,True
P7,SVC_equal,9028,SVC,0.9231692677070827,True
P7,SVC_equal,9029,SVC,0.9396878751500599,True
P7,SVC_localization_heavy,9000,SVC,0.9722448979591836,True
P7,SVC_localization_heavy,9001,SVC,0.9656182472989195,True
P7,SVC_localization_heavy,9002,SVC,0.9654261704681874,True
P7,SVC_localization_heavy,9003,SVC,0.9813685474189676,True
P7,SVC_localization_heavy,9004,SVC,0.9492917166866747,True
P7,SVC_localization_heavy,9005,SVC,0.9728211284513805,True
P7,SVC_localization_heavy,9006,SVC,0.9733013205282113,True
P7,SVC_localization_heavy,9007,SVC,0.9578391356542617,True
P7,SVC_localization_heavy,9008,SVC,0.9806962785114045,True
P7,SVC_localization_heavy,9009,SVC,0.9459303721488597,True
P7,SVC_localization_heavy,9010,SVC,0.9757022809123649,True
P7,SVC_localization_heavy,9011,SVC,0.9452581032412964,True
P7,SVC_localization_heavy,9012,SVC,0.9701320528211285,True
P7,SVC_localization_heavy,9013,SVC,0.9638895558223289,True
P7,SVC_localization_heavy,9014,SVC,0.9854021608643457,True
P7,SVC_localization_heavy,9015,SVC,0.9649459783913565,True
P7,SVC_localization_heavy,9016,SVC,0.9534213685474189,True
P7,SVC_localization_heavy,9017,SVC,0.9568787515006002,True
P7,SVC_localization_heavy,9018,SVC,0.9721488595438175,True
P7,SVC_localization_heavy,9019,SVC,0.9763745498199279,True
P7,SVC_localization_heavy,9020,SVC,0.9595678271308523,True
P7,SVC_localization_heavy,9021,SVC,0.9754141656662665,True
P7,SVC_localization_heavy,9022,SVC,0.9892436974789915,True
P7,SVC_localization_heavy,9023,SVC,0.9797358943577431,True
P7,SVC_localization_heavy,9024,SVC,0.946986794717887,True
P7,SVC_localization_heavy,9025,SVC,0.9872268907563025,True
P7,SVC_localization_heavy,9026,SVC,0.9753181272509003,True
P7,SVC_localization_heavy,9027,SVC,0.963313325330132,True
P7,SVC_localization_heavy,9028,SVC,0.9890516206482592,True
P7,SVC_localization_heavy,9029,SVC,0.9863625450180071,True
P7,SVC_audit_heavy,9000,SVC,0.7355102040816326,False
P7,SVC_audit_heavy,9001,SVC,0.8136854741896759,False
P7,SVC_audit_heavy,9002,SVC,0.7665306122448979,False
P7,SVC_audit_heavy,9003,SVC,0.6813445378151259,False
P7,SVC_audit_heavy,9004,SVC,0.6768307322929171,False
P7,SVC_audit_heavy,9005,SVC,0.6855702280912365,False
P7,SVC_audit_heavy,9006,SVC,0.7093877551020409,False
P7,SVC_audit_heavy,9007,SVC,0.7724849939975991,False
P7,SVC_audit_heavy,9008,SVC,0.7664345738295317,False
P7,SVC_audit_heavy,9009,SVC,0.7754621848739495,False
P7,SVC_audit_heavy,9010,SVC,0.8160864345738296,False
P7,SVC_audit_heavy,9011,SVC,0.7873709483793517,False
P7,SVC_audit_heavy,9012,SVC,0.7509723889555822,False
P7,SVC_audit_heavy,9013,SVC,0.7703721488595437,False
P7,SVC_audit_heavy,9014,SVC,0.7571188475390156,False
P7,SVC_audit_heavy,9015,SVC,0.7172629051620648,False
P7,SVC_audit_heavy,9016,SVC,0.7779591836734694,False
P7,SVC_audit_heavy,9017,SVC,0.6743337334933974,False
P7,SVC_audit_heavy,9018,SVC,0.857671068427371,False
P7,SVC_audit_heavy,9019,SVC,0.7734453781512605,False
P7,SVC_audit_heavy,9020,SVC,0.617671068427371,False
P7,SVC_audit_heavy,9021,SVC,0.6424489795918368,False
P7,SVC_audit_heavy,9022,SVC,0.8109963985594237,False
P7,SVC_audit_heavy,9023,SVC,0.8012004801920769,False
P7,SVC_audit_heavy,9024,SVC,0.5974069627851141,False
P7,SVC_audit_heavy,9025,SVC,0.6871068427370949,False
P7,SVC_audit_heavy,9026,SVC,0.7304201680672269,False
P7,SVC_audit_heavy,9027,SVC,0.6243937575030011,False
P7,SVC_audit_heavy,9028,SVC,0.6390876350540216,False
P7,SVC_audit_heavy,9029,SVC,0.6148859543817526,False
