code,scenario,framework,absolute_E_GMI_difference,maximum_allowed_E_GMI_difference,absolute_threshold_difference,maximum_allowed_threshold_difference,ranking_match_fraction,minimum_required_ranking_match_fraction,mean_dimension_rank_correlation,minimum_required_dimension_rank_correlation,accepted
P1,equal_standard_dimensions,DBL,0.0027601019088439593,0.02,0.0,0.1,0.0,0.9,,0.9,False
P1,equal_standard_dimensions,DMM,0.017372989264733227,0.02,0.0,0.1,0.0,0.9,,0.9,False
P1,equal_standard_dimensions,ISF,0.017460270286424467,0.02,0.0,0.1,0.0,0.9,,0.9,False
P1,quality_heavy,DBL,0.0546910833514371,0.02,0.0,0.1,0.0,0.9,,0.9,False
P1,quality_heavy,DMM,0.07482417452501429,0.02,0.0,0.1,0.0,0.9,,0.9,False
P1,quality_heavy,ISF,0.07725339325654065,0.02,0.0,0.1,0.0,0.9,,0.9,False
P1,security_heavy,DBL,0.03682308206528552,0.02,0.0,0.1,0.0,0.9,,0.9,False
P1,security_heavy,DMM,0.016689990891708334,0.02,0.0,0.1,0.0,0.9,,0.9,False
P1,security_heavy,ISF,0.0032790723101751573,0.02,0.0,0.1,0.0,0.9,,0.9,False
P10,concentrated_beta_shapes,DBL,9.226639220039079e-05,0.02,0.0,0.1,1.0,0.9,,0.9,True
P10,concentrated_beta_shapes,DMM,5.11717866813477e-06,0.02,0.0,0.1,1.0,0.9,,0.9,True
P10,concentrated_beta_shapes,ISF,1.9190976003918836e-05,0.02,0.0,0.1,1.0,0.9,,0.9,True
P10,diffuse_beta_shapes,DBL,0.0012648972835420658,0.02,0.0,0.1,1.0,0.9,,0.9,True
P10,diffuse_beta_shapes,DMM,0.0010954800573069745,0.02,0.0,0.1,1.0,0.9,,0.9,True
P10,diffuse_beta_shapes,ISF,0.0009424423982725139,0.02,0.0,0.1,1.0,0.9,,0.9,True
P10,moderate_beta_shapes,DBL,0.0009417416241698784,0.02,0.0,0.1,1.0,0.9,,0.9,True
P10,moderate_beta_shapes,DMM,0.0008498325254530786,0.02,0.0,0.1,1.0,0.9,,0.9,True
P10,moderate_beta_shapes,ISF,0.0007305846942570748,0.02,0.0,0.1,1.0,0.9,,0.9,True
P11,narrow_volume_bounds,DBL,0.0,0.02,0.0,0.1,1.0,0.9,,0.9,True
P11,narrow_volume_bounds,DMM,0.0,0.02,0.0,0.1,1.0,0.9,,0.9,True
P11,narrow_volume_bounds,ISF,0.0,0.02,0.0,0.1,1.0,0.9,,0.9,True
P11,pareto_alpha_1_5,DBL,0.0,0.02,0.0,0.1,1.0,0.9,,0.9,True
P11,pareto_alpha_1_5,DMM,0.0,0.02,0.0,0.1,1.0,0.9,,0.9,True
P11,pareto_alpha_1_5,ISF,0.0,0.02,0.0,0.1,1.0,0.9,,0.9,True
P11,pareto_alpha_3_0,DBL,0.0,0.02,0.0,0.1,1.0,0.9,,0.9,True
P11,pareto_alpha_3_0,DMM,0.0,0.02,0.0,0.1,1.0,0.9,,0.9,True
P11,pareto_alpha_3_0,ISF,0.0,0.02,0.0,0.1,1.0,0.9,,0.9,True
P11,wide_volume_bounds,DBL,0.0,0.02,0.0,0.1,1.0,0.9,,0.9,True
P11,wide_volume_bounds,DMM,0.0,0.02,0.0,0.1,1.0,0.9,,0.9,True
P11,wide_volume_bounds,ISF,0.0,0.02,0.0,0.1,1.0,0.9,,0.9,True
P12,network_m_2,DBL,0.0051953192630435074,0.02,0.0,0.1,1.0,0.9,,0.9,True
P12,network_m_2,DMM,0.004767890634396546,0.02,0.0,0.1,1.0,0.9,,0.9,True
P12,network_m_2,ISF,0.004163422960209523,0.02,0.0,0.1,1.0,0.9,,0.9,True
P12,network_m_3,DBL,0.0,0.02,0.0,0.1,1.0,0.9,,0.9,True
P12,network_m_3,DMM,0.0,0.02,0.0,0.1,1.0,0.9,,0.9,True
P12,network_m_3,ISF,0.0,0.02,0.0,0.1,1.0,0.9,,0.9,True
P12,network_m_5,DBL,0.004168044961363165,0.02,0.0,0.1,1.0,0.9,,0.9,True
P12,network_m_5,DMM,0.0037167604763284345,0.02,0.0,0.1,1.0,0.9,,0.9,True
P12,network_m_5,ISF,0.003239760676424064,0.02,0.0,0.1,1.0,0.9,,0.9,True
P2,D1_completeness_heavy,DBL,0.005502420797501684,0.02,0.0,0.1,1.0,0.9,0.5556142456982793,0.9,False
P2,D1_completeness_heavy,DMM,0.004773023101729987,0.02,0.0,0.1,1.0,0.9,0.5556142456982793,0.9,False
P2,D1_completeness_heavy,ISF,0.00431581061073763,0.02,0.0,0.1,1.0,0.9,0.5556142456982793,0.9,False
P2,D1_equal,DBL,0.010145268800238444,0.02,0.0,0.1,1.0,0.9,0.5555118047218888,0.9,False
P2,D1_equal,DMM,0.00891322330487418,0.02,0.0,0.1,1.0,0.9,0.5555118047218888,0.9,False
P2,D1_equal,ISF,0.0080298846799354,0.02,0.0,0.1,1.0,0.9,0.5555118047218888,0.9,False
P2,D1_schema_heavy,DBL,0.043828035918001565,0.02,0.05100000000000001,0.1,1.0,0.9,0.44431532613045216,0.9,False
P2,D1_schema_heavy,DMM,0.038432642391376406,0.02,0.0,0.1,1.0,0.9,0.44431532613045216,0.9,False
P2,D1_schema_heavy,ISF,0.034703304373190746,0.02,0.0,0.1,1.0,0.9,0.44431532613045216,0.9,False
P21,freshness_K_10,DBL,0.00020023615461220445,0.02,0.0,0.1,1.0,0.9,,0.9,True
P21,freshness_K_10,DMM,0.00024028338553465367,0.02,0.0,0.1,1.0,0.9,,0.9,True
P21,freshness_K_10,ISF,0.00020023615461220445,0.02,0.0,0.1,1.0,0.9,,0.9,True
P21,freshness_K_20,DBL,0.0,0.02,0.0,0.1,1.0,0.9,,0.9,True
P21,freshness_K_20,DMM,0.0,0.02,0.0,0.1,1.0,0.9,,0.9,True
P21,freshness_K_20,ISF,0.0,0.02,0.0,0.1,1.0,0.9,,0.9,True
P21,freshness_K_40,DBL,0.0003802604742857152,0.02,0.0,0.1,1.0,0.9,,0.9,True
P21,freshness_K_40,DMM,0.0004563125691428166,0.02,0.0,0.1,1.0,0.9,,0.9,True
P21,freshness_K_40,ISF,0.00038026047428568743,0.02,0.0,0.1,1.0,0.9,,0.9,True
P3,D2_encryption_heavy,DBL,0.00010112050612251511,0.02,0.0,0.1,1.0,0.9,0.16887083953159818,0.9,False
P3,D2_encryption_heavy,DMM,9.978893415131529e-05,0.02,0.0,0.1,1.0,0.9,0.16887083953159818,0.9,False
P3,D2_encryption_heavy,ISF,7.928410286789367e-05,0.02,0.0,0.1,1.0,0.9,0.16887083953159818,0.9,False
P3,D2_equal,DBL,3.626067812531608e-05,0.02,0.0,0.1,1.0,0.9,0.1910360855061025,0.9,False
P3,D2_equal,DMM,1.950683999170366e-05,0.02,0.0,0.1,1.0,0.9,0.1910360855061025,0.9,False
P3,D2_equal,ISF,5.6853534070033795e-06,0.02,0.0,0.1,1.0,0.9,0.1910360855061025,0.9,False
P3,D2_incident_heavy,DBL,7.440147078924264e-05,0.02,0.0,0.1,1.0,0.9,0.1736956733269587,0.9,False
P3,D2_incident_heavy,DMM,0.00010399615454399769,0.02,0.0,0.1,1.0,0.9,0.1736956733269587,0.9,False
P3,D2_incident_heavy,ISF,7.73943690693113e-05,0.02,0.0,0.1,1.0,0.9,0.1736956733269587,0.9,False
P4,D3_equal,DBL,0.0002228672968634382,0.02,0.0,0.1,1.0,0.9,0.18466502076959365,0.9,False
P4,D3_equal,DMM,0.00022714141816303213,0.02,0.0,0.1,1.0,0.9,0.18466502076959365,0.9,False
P4,D3_equal,ISF,0.00017809339549640368,0.02,0.0,0.1,1.0,0.9,0.18466502076959365,0.9,False
P4,D3_freshness_heavy,DBL,0.0003014390327157612,0.02,0.0,0.1,1.0,0.9,0.2367868471602321,0.9,False
P4,D3_freshness_heavy,DMM,0.000271792381467989,0.02,0.0,0.1,1.0,0.9,0.2367868471602321,0.9,False
P4,D3_freshness_heavy,ISF,0.00022503605030499418,0.02,0.0,0.1,1.0,0.9,0.2367868471602321,0.9,False
P4,D3_lineage_heavy,DBL,3.107910139968362e-05,0.02,0.0,0.1,1.0,0.9,0.25640345354770955,0.9,False
P4,D3_lineage_heavy,DMM,1.5951120142423947e-05,0.02,0.0,0.1,1.0,0.9,0.25640345354770955,0.9,False
P4,D3_lineage_heavy,ISF,2.1173505371785417e-05,0.02,0.0,0.1,1.0,0.9,0.25640345354770955,0.9,False
P5,D4_consent_heavy,DBL,0.0004272686897551503,0.02,0.0,0.1,1.0,0.9,0.2752825554055952,0.9,False
P5,D4_consent_heavy,DMM,0.00040590171111121176,0.02,0.0,0.1,1.0,0.9,0.2752825554055952,0.9,False
P5,D4_consent_heavy,ISF,0.0003466722905115238,0.02,0.0,0.1,1.0,0.9,0.2752825554055952,0.9,False
P5,D4_equal,DBL,0.000305106188905363,0.02,0.0,0.1,1.0,0.9,0.22610292998120188,0.9,False
P5,D4_equal,DMM,0.0003170697435605496,0.02,0.0,0.1,1.0,0.9,0.22610292998120188,0.9,False
P5,D4_equal,ISF,0.00026267538885274555,0.02,0.0,0.1,1.0,0.9,0.22610292998120188,0.9,False
P5,D4_rule_heavy,DBL,0.000502241762886213,0.02,0.0,0.1,1.0,0.9,0.2225298381559405,0.9,False
P5,D4_rule_heavy,DMM,0.0004966054728405,0.02,0.0,0.1,1.0,0.9,0.2225298381559405,0.9,False
P5,D4_rule_heavy,ISF,0.00042071331074797214,0.02,0.0,0.1,1.0,0.9,0.2225298381559405,0.9,False
P6,D5_api_heavy,DBL,0.014800183305153286,0.02,0.0,0.1,1.0,0.9,0.6156030412164867,0.9,False
P6,D5_api_heavy,DMM,0.012091210777454911,0.02,0.0,0.1,1.0,0.9,0.6156030412164867,0.9,False
P6,D5_api_heavy,ISF,0.010244410141351079,0.02,0.0,0.1,1.0,0.9,0.6156030412164867,0.9,False
P6,D5_equal,DBL,0.005121906185450997,0.02,0.0,0.1,1.0,0.9,0.6147386954781913,0.9,False
P6,D5_equal,DMM,0.004148889474714715,0.02,0.0,0.1,1.0,0.9,0.6147386954781913,0.9,False
P6,D5_equal,ISF,0.0035167290555383757,0.02,0.0,0.1,1.0,0.9,0.6147386954781913,0.9,False
P6,D5_reconciliation_heavy,DBL,0.016908699567446978,0.02,0.0,0.1,1.0,0.9,0.4923377350940376,0.9,False
P6,D5_reconciliation_heavy,DMM,0.013847779108258615,0.02,0.046666666666666676,0.1,1.0,0.9,0.4923377350940376,0.9,False
P6,D5_reconciliation_heavy,ISF,0.011690456506496943,0.02,0.0,0.1,1.0,0.9,0.4923377350940376,0.9,False
P7,SVC_audit_heavy,DBL,0.0,0.02,0.0,0.1,1.0,0.9,0.7277150860344137,0.9,False
P7,SVC_audit_heavy,DMM,0.0,0.02,0.0,0.1,1.0,0.9,0.7277150860344137,0.9,False
P7,SVC_audit_heavy,ISF,1.2514340119729184e-09,0.02,0.0,0.1,1.0,0.9,0.7277150860344137,0.9,False
P7,SVC_equal,DBL,0.0,0.02,0.0,0.1,1.0,0.9,0.9382761104441777,0.9,True
P7,SVC_equal,DMM,0.0,0.02,0.0,0.1,1.0,0.9,0.9382761104441777,0.9,True
P7,SVC_equal,ISF,3.0150462682065893e-10,0.02,0.0,0.1,1.0,0.9,0.9382761104441777,0.9,True
P7,SVC_localization_heavy,DBL,0.0,0.02,0.0,0.1,1.0,0.9,0.9693637454981994,0.9,True
P7,SVC_localization_heavy,DMM,0.0,0.02,0.0,0.1,1.0,0.9,0.9693637454981994,0.9,True
P7,SVC_localization_heavy,ISF,1.7346005187768299e-10,0.02,0.0,0.1,1.0,0.9,0.9693637454981994,0.9,True
P8,ISF_equal_six_dimensions,DBL,0.0,0.02,0.0,0.1,1.0,0.9,,0.9,True
P8,ISF_equal_six_dimensions,DMM,0.0,0.02,0.0,0.1,1.0,0.9,,0.9,True
P8,ISF_equal_six_dimensions,ISF,0.03798489237768862,0.02,0.0,0.1,1.0,0.9,,0.9,False
P8,ISF_sovereignty_heavy,DBL,0.0,0.02,0.0,0.1,1.0,0.9,,0.9,True
P8,ISF_sovereignty_heavy,DMM,0.0,0.02,0.0,0.1,1.0,0.9,,0.9,True
P8,ISF_sovereignty_heavy,ISF,0.07903413656021716,0.02,0.0,0.1,1.0,0.9,,0.9,False
P8,ISF_standard_dimensions_heavy,DBL,0.0,0.02,0.0,0.1,1.0,0.9,,0.9,True
P8,ISF_standard_dimensions_heavy,DMM,0.0,0.02,0.0,0.1,1.0,0.9,,0.9,True
P8,ISF_standard_dimensions_heavy,ISF,0.017460270286424467,0.02,0.0,0.1,1.0,0.9,,0.9,True
P9,balanced_types_stress_test,DBL,0.0,0.02,0.0,0.1,1.0,0.9,,0.9,True
P9,balanced_types_stress_test,DMM,0.0,0.02,0.0,0.1,1.0,0.9,,0.9,True
P9,balanced_types_stress_test,ISF,0.0,0.02,0.0,0.1,1.0,0.9,,0.9,True
P9,iran_calibrated_baseline,DBL,0.0,0.02,0.0,0.1,1.0,0.9,,0.9,True
P9,iran_calibrated_baseline,DMM,0.0,0.02,0.0,0.1,1.0,0.9,,0.9,True
P9,iran_calibrated_baseline,ISF,0.0,0.02,0.0,0.1,1.0,0.9,,0.9,True
P9,original_draft_stress_test,DBL,0.0,0.02,0.0,0.1,1.0,0.9,,0.9,True
P9,original_draft_stress_test,DMM,0.0,0.02,0.0,0.1,1.0,0.9,,0.9,True
P9,original_draft_stress_test,ISF,0.0,0.02,0.0,0.1,1.0,0.9,,0.9,True
P9,private_sector_heavy,DBL,0.0,0.02,0.0,0.1,1.0,0.9,,0.9,True
P9,private_sector_heavy,DMM,0.0,0.02,0.0,0.1,1.0,0.9,,0.9,True
P9,private_sector_heavy,ISF,0.0,0.02,0.0,0.1,1.0,0.9,,0.9,True
P9,public_sector_heavy,DBL,0.0,0.02,0.0,0.1,1.0,0.9,,0.9,True
P9,public_sector_heavy,DMM,0.0,0.02,0.0,0.1,1.0,0.9,,0.9,True
P9,public_sector_heavy,ISF,0.0,0.02,0.0,0.1,1.0,0.9,,0.9,True
P9,state_enterprise_heavy,DBL,0.0,0.02,0.0,0.1,1.0,0.9,,0.9,True
P9,state_enterprise_heavy,DMM,0.0,0.02,0.0,0.1,1.0,0.9,,0.9,True
P9,state_enterprise_heavy,ISF,0.0,0.02,0.0,0.1,1.0,0.9,,0.9,True
